ID,carbon_footprint
0x42e7,633.0815
0x1950,720.4472
0x20e5,1040.365
0x4378,781.2213
0x1301,771.817
0x33b3,580.3984
0x3750,756.27997
0x3e50,803.1362
0x10e5,924.37006
0x1924,856.0162
0x51db,1000.66785
0x287d,758.5928
0x113c,670.24457
0x33b4,827.1934
0x33ae,969.25745
0x3b50,946.1574
0x3cbc,804.2534
0x14f0,937.84827
0x1c14,1042.1633
0x27ff,756.7555
0x4216,675.3293
0x19f2,849.7822
0x1f2f,820.67676
0x356d,1170.3135
0x1b61,1152.5741
0x4f49,648.3211
0xe3b,552.5276
0x27d4,1050.1935
0x4379,919.2216
0x11fa,867.65497
0x4784,797.7591
0xb31,565.7368
0x4977,681.3167
0x3986,880.31366
0x3804,879.73096
0x3671,645.44135
0x4d2c,779.4968
0x1382,726.68207
0x3524,1068.4542
0x1693,1105.288
0x444f,954.03436
0x1234,803.5312
0x51cb,556.0016
0x23a8,842.8479
0x3ca8,659.9951
0x1acd,848.6398
0x26d3,842.9744
0x857,476.8673
0x4712,691.3261
0x4de9,850.0369
0x49f9,900.0728
0xf4c,1110.4333
0x457a,620.77527
0x4c88,750.8012
0x5188,941.07086
0x166e,767.89636
0x1b9b,651.0675
0x3cdb,787.8113
0x2835,429.45285
0x49d9,483.92282
0x15f7,767.919
0x26a0,658.9491
0x2fef,569.98267
0x32ec,860.3051
0x2218,1146.1888
0x45a1,718.89636
0x50cb,658.5266
0x132e,774.87836
0x3f4,973.5047
0xbff,1054.3011
0x3514,746.11145
0x4091,1030.4691
0x1432,500.34265
0x3a31,415.47333
0xc37,992.81793
0x3906,956.15283
0x412c,566.9086
0x13da,851.0475
0x1dbe,780.26556
0x591,872.9541
0x3eb8,736.5945
0x931,605.1797
0x484f,931.59467
0x424d,772.4055
0x9f4,736.7658
0x3fba,716.90094
0x3df4,501.05685
0x3f26,854.2046
0x4403,1074.5887
0x3fa7,479.73233
0x258d,850.72546
0x13aa,690.02496
0x512e,660.99554
0xc4b,862.1047
0xbeb,773.2331
0x475f,675.6613
0x4a0c,646.41034
0x367f,697.77374
0x1c68,553.8234
0x475a,890.59924
0x20e4,774.821
0x3f03,485.08585
0x1e5b,595.85394
0x512b,1305.2646
0x40bb,615.26984
0x3203,1004.7547
0x1a84,515.00116
0x2bc4,812.2788
0x490b,777.14923
0x15c0,803.64087
0x4f80,814.083
0x4c29,850.04364
0x1e20,930.42737
0xba1,582.8444
0x3fd1,816.88617
0x62f,721.82306
0x4fde,574.9548
0x12dd,607.3397
0x43bf,901.0066
0x4139,696.0487
0x4e01,593.0755
0x22d6,654.9452
0x306c,962.42206
0x2bbb,655.8731
0x4f22,720.6744
0x485,829.09845
0x18d1,890.6709
0x3c56,556.67365
0x271e,843.4606
0x48bb,1157.8428
0x3e71,627.8193
0x4093,738.64557
0x2104,941.038
0x29cc,876.7903
0x4c16,702.43713
0x5b6,858.8479
0x1abb,870.91974
0x4726,848.9634
0x1f10,691.88324
0x3962,813.5634
0x4862,822.9651
0xfcc,949.8741
0x10c1,650.78546
0x48f3,893.4302
0xb65,578.5027
0x2f57,877.8343
0x1f33,797.8836
0x48d4,794.2467
0x45b9,932.063
0x489d,591.129
0x4c5f,630.6578
0x197b,846.7145
0x295d,602.96716
0x470f,917.8652
0x3947,849.9786
0x1097,748.63513
0x1953,762.0585
0x25ce,781.2093
0xa45,683.0442
0x4df0,824.38324
0xb97,632.1241
0x23e6,858.60474
0x47cc,586.98254
0x470a,812.90247
0x7ba,738.6915
0x4024,1074.8743
0x4ec4,751.2739
0x333c,545.74335
0x2e4d,937.099
0x3e5c,595.0177
0x4e25,1063.495
0x2d68,902.16376
0x145c,515.01733
0x428a,1036.3472
0x3f99,823.068
0x415c,336.57822
0x8aa,833.8577
0x3be0,700.91284
0x40ca,579.7131
0x46b3,697.7114
0x230e,854.71344
0x9aa,598.2665
0x29df,1136.4827
0x22d7,808.8448
0x171b,602.8584
0x216d,758.6315
0x1047,732.93
0x3b70,989.66565
0x1283,882.8398
0x927,698.4982
0x365a,953.2694
0x417c,660.7098
0x46a7,675.15125
0x30cd,755.4413
0x3b7c,1013.7067
0xe81,718.56555
0x1a7e,760.38904
0x898,1022.52136
0x4dcf,475.88318
0xbd6,695.9767
0x2baa,1078.262
0x1c71,1021.8625
0x3057,1028.8236
0x289e,960.6159
0x4ceb,693.0157
0x10f4,874.2116
0x2eba,603.7952
0x267d,863.48346
0x1b7e,486.47934
0x24bb,962.6573
0x26f9,600.3767
0x3af3,952.0867
0x134c,1044.8077
0x308c,737.6162
0x2c7b,922.07196
0x4e0,916.53235
0x4755,919.9466
0x95d,960.82385
0x41ef,618.55237
0x2eb0,1088.5137
0x395c,1016.44495
0x4fb2,1034.8885
0x1865,770.2024
0x1f01,830.68567
0x84c,675.7716
0x2192,676.71045
0x23df,578.9189
0x1ebf,742.89734
0x4165,589.7934
0x12d0,761.51483
0x44cf,670.7544
0x4781,732.9324
0x474a,745.5024
0x45e4,879.75684
0x3e82,597.87823
0x4160,855.1257
0x423,605.3074
0x30df,568.8272
0x34ea,744.69336
0x165b,525.9253
0x111b,837.99426
0x4bab,566.9511
0x2265,651.0244
0x3f3a,539.68585
0x31cd,1122.527
0x3f9e,863.4844
0xcd9,813.27045
0x3b9e,603.1997
0x4d37,536.3743
0x4a71,714.07324
0x4620,641.9443
0x3adb,747.12024
0x3261,594.86975
0xfe8,668.0628
0x39ca,675.13025
0x3c6e,808.7945
0x15ad,448.38443
0x1b21,787.3156
0x21e7,837.0283
0x3120,616.2491
0x2037,896.57214
0x13c0,792.1466
0x4386,1184.3069
0xb12,716.3626
0x27b6,880.6475
0x1fd5,904.25836
0x3e4d,914.321
0x3c0a,728.1913
0x15cc,678.1102
0x3405,607.2853
0x407e,558.6961
0x263e,1145.7727
0x2aad,650.8286
0x1459,775.5623
0x1d77,860.8284
0x515c,543.75525
0x2ea1,471.57962
0x2369,516.2482
0x4b44,568.1942
0x3cd4,692.8055
0x47bc,442.56232
0x14cd,859.8275
0xb92,376.0971
0x2deb,891.081
0x2ab3,569.2692
0x29ef,771.3455
0x368e,486.70026
0x1967,1019.7511
0x22fa,792.1741
0x409d,689.95935
0x4385,973.2898
0x1a35,745.6042
0x3ef0,644.94037
0x268c,751.7571
0x40cb,691.2239
0x4529,1295.6306
0x50f1,928.91626
0x28d1,823.8012
0x18d9,910.0242
0x3dcc,1201.3591
0x667,498.50735
0x4ff1,1007.464
0x40d5,1052.7922
0x2674,935.9009
0x1862,1223.5852
0x12c9,513.11725
0x1810,739.7493
0x6aa,606.192
0x2775,1024.7756
0x105e,785.9125
0x956,607.72577
0x1bc3,1319.0276
0x4532,580.7962
0x41b7,1197.65
0x2e1f,507.49976
0x33c4,447.31454
0x51c9,690.88574
0x483f,858.5352
0x3084,845.4741
0x2f63,1126.4935
0x4230,690.5541
0x3482,686.75256
0x32eb,678.37885
0x3aa1,746.0239
0x4ea4,606.29724
0x4826,1069.8124
0x80f,504.5843
0x4d0e,883.4624
0x4a34,644.7787
0x14f7,687.0371
0x478,776.74677
0x49b3,943.00995
0x2d93,660.9941
0xfee,855.5053
0x48c0,989.59045
0x9d4,862.9137
0x2c44,890.54156
0x3d34,498.87393
0x442e,896.4722
0x2094,648.0765
0xf01,368.32312
0x3c1b,596.59546
0x535,738.6239
0xd90,730.5821
0x4f58,561.1424
0x856,1412.5609
0x1607,480.01447
0x492c,651.1674
0x2275,835.7557
0x41e5,867.1844
0x42f3,1022.48334
0x15dc,1064.6467
0x1099,864.528
0x2c40,905.4454
0x464f,779.63544
0x2910,799.3352
0x17c4,715.31055
0x258b,614.4661
0x3334,747.17126
0x309d,772.26
0x476e,680.7066
0x4014,755.3625
0x1c45,1036.1931
0x4771,1065.5363
0x758,810.77454
0x1bd7,713.702
0x4388,692.01965
0x120e,682.3827
0x38fc,805.42474
0xa20,614.1318
0xddc,883.7894
0x122b,1114.3492
0x94b,845.28784
0x2eb7,723.6011
0x11a8,1083.973
0x3168,455.26224
0x2a74,1059.6354
0x3fe4,825.2675
0x722,973.7569
0x4656,800.5306
0x22d4,560.7283
0x3e37,1123.4507
0x346f,738.1424
0x2bd2,993.29535
0xa6b,927.89777
0x45c7,468.83463
0x2344,605.5077
0x40a6,615.34174
0x45bf,648.55225
0xead,810.40765
0x43e0,694.5045
0x2c35,503.64267
0x4f19,567.4222
0x2827,761.86084
0x13f1,649.2543
0x2d52,637.31573
0xb56,809.5712
0x3c34,689.73285
0x22b4,755.4661
0x1df9,994.34875
0xf4b,893.7899
0x2ba1,754.36426
0x3555,741.4667
0x1fe7,631.06573
0x4e82,1092.2506
0x48dc,1049.2433
0x870,750.10986
0xc6f,548.30237
0x3918,1128.2826
0x2774,783.6449
0x26f4,806.63904
0x1610,673.447
0x20f9,786.4987
0x3a6c,771.52747
0x4ba7,782.98224
0x46e5,1018.1271
0xfce,879.30896
0x3bbf,1049.4055
0x212c,790.4112
0x7a5,538.2309
0x4527,1253.271
0x36fb,615.5111
0x45cb,1225.1659
0x75a,848.9661
0x33f0,771.58716
0x50a2,602.02313
0x454e,757.7985
0x4044,861.5637
0x177f,627.0325
0x3307,726.00745
0xe03,701.36896
0x12b0,806.87317
0xa6a,564.46783
0x2795,703.37256
0xd88,677.8139
0x113e,696.20734
0x25c5,505.5606
0x3c51,756.7205
0x3052,879.34875
0x27a7,815.70197
0x250f,426.25317
0x2574,500.00122
0x3136,801.5741
0x509b,720.20215
0x416d,896.4133
0x5206,846.0299
0x5ce,702.7249
0xe84,752.7651
0x181b,944.25146
0x2799,554.1731
0x362b,844.7333
0x2890,688.069
0xfab,890.7572
0x4466,937.2889
0x360b,727.029
0x4114,773.5068
0x344d,615.135
0x4d8,866.95447
0xce1,1048.7278
0xeac,584.82965
0x14e5,948.9951
0x40a0,814.14124
0xdc2,1004.3593
0x5089,820.9919
0x38da,778.3096
0xd8a,915.2995
0x39ba,726.91736
0x888,479.9179
0xb90,403.91672
0x4eb4,684.9118
0xd69,835.53265
0x4831,687.452
0x73b,617.5608
0x2e90,776.143
0x16aa,987.8836
0x2e37,884.8095
0x287e,794.5238
0x1d84,908.4746
0x4200,603.6988
0x492d,739.4423
0x1cf3,633.8897
0x40a4,792.093
0x4abc,560.9873
0x17e7,852.4135
0x3b53,482.71597
0x1699,682.28613
0x4b5a,758.7636
0x4e62,884.89716
0x469f,705.7181
0x24c5,666.84894
0x2b87,958.5839
0x398d,782.47675
0x107b,1043.7126
0xd56,986.2938
0xf03,701.54
0x3372,658.644
0x4012,843.7198
0x155e,998.2038
0x4ea5,1090.8375
0x2838,738.1104
0x1ad7,626.26337
0x3cf5,485.67264
0x51df,1059.6038
0x4eea,815.6898
0x2815,1139.9913
0x2b5f,757.6795
0x35cc,1142.3322
0x255c,673.4703
0xba9,773.0688
0x306b,618.0023
0x1754,858.00116
0x2793,695.8107
0x3d70,675.38245
0x1719,754.8404
0x39d6,622.5361
0x32b3,1055.2046
0x328b,760.74274
0x4f37,443.6173
0x1c01,604.46356
0x3114,584.19464
0xdba,730.51996
0x2bd8,1014.46625
0x4a67,724.5782
0x420,744.0664
0xa5d,867.216
0x479d,712.7549
0x4e4f,980.72296
0x2bd6,843.8649
0x31b3,848.3798
0x2548,605.60785
0x6cc,778.70935
0x3bfc,626.68506
0x1dfa,916.5375
0xffc,682.3963
0x2fd8,786.9402
0x35b9,726.39825
0x2a92,667.1812
0x5a1,878.4536
0x2a0a,796.8879
0x3d64,791.0922
0x1ffe,809.9002
0x3c6a,659.01904
0xcf7,740.5024
0x2c0a,705.15607
0x44f9,718.81683
0x48e2,821.347
0x2b95,1066.745
0xf77,1080.8953
0x2d30,730.84314
0x2fd1,706.987
0x4075,670.12756
0x10b8,710.81244
0x2760,698.66986
0x3d86,815.5443
0x20bb,672.5988
0x1de4,963.7671
0x5129,767.4257
0x206b,787.2121
0x3d04,789.3511
0x4ca,583.9143
0x4c06,757.2
0x51c,680.5068
0x2e48,849.4259
0xc1d,471.8836
0x1142,1254.5958
0x1636,861.7544
0xd99,943.6292
0x2603,464.92712
0x47d4,792.71594
0xbc8,728.75134
0x49e5,1166.4863
0x33aa,921.4237
0x32a1,920.51373
0x2b9f,892.24677
0x486,852.6099
0x23c8,1016.6628
0x356b,586.39075
0x12d8,549.20233
0x4ad6,843.5887
0x38b2,785.28595
0x2c6b,769.4216
0xf2c,820.3851
0x4654,585.41016
0x4801,1040.1714
0x3713,1051.7272
0x24e1,918.5482
0x4b80,835.8265
0x1cf7,587.4369
0x4fe1,880.1348
0x2db7,757.9618
0x2596,696.8388
0x2243,1128.7262
0xe27,666.05853
0x194d,699.67206
0x4875,618.3787
0x23a7,939.1378
0x432a,753.59174
0x2397,755.1758
0x270e,1027.38
0xecc,1051.808
0x4551,1031.6481
0x119a,802.9636
0x1813,534.37213
0x3e84,1102.4258
0x51b5,733.2086
0x26e1,788.99207
0x2755,827.8435
0x2bf4,736.2585
0x5189,713.62354
0x3178,445.64206
0x1861,585.4407
0x17c9,518.80884
0x1799,657.9276
0x372f,980.2283
0x237c,1109.7532
0x3e6f,407.54376
0x9b2,691.20215
0x16ae,645.9341
0x2aca,890.86005
0x11e6,978.51483
0x3166,451.17557
0x4436,1217.7568
0x15cf,470.30307
0x3452,567.06433
0x29c1,1000.747
0xaaa,629.6133
0x4802,1021.86743
0x380c,605.1739
0x49c,588.98346
0x4d27,464.33395
0x44ba,536.79364
0x4e7b,772.69336
0x12e5,1041.7196
0x2d6f,1041.56
0xc99,735.04614
0x1740,535.8535
0x462b,693.1001
0x3ab7,766.2211
0x20f7,1267.8367
0xfdb,799.21204
0x2976,723.9121
0x3da4,637.39233
0x1203,703.8757
0x4593,629.4771
0x980,1004.2411
0x36a5,712.2053
0x3b09,935.33124
0x371a,989.10516
0x2fb6,816.17957
0x4084,699.30457
0x34e3,734.1066
0xfaa,578.9367
0x28d3,714.1704
0x3919,613.0825
0x28ff,720.9793
0x3180,958.70135
0x3e81,512.26764
0x1eab,556.8834
0x454,663.44366
0x1a3e,724.09515
0x3eb7,647.87976
0x1dac,1216.2322
0x233f,832.0807
0x16e5,904.08704
0x4f98,902.0911
0x2ed1,956.451
0x2a3c,470.95563
0xa2d,685.05945
0x2b13,589.6278
0x3418,1010.89636
0x2400,603.4788
0x2a89,807.32806
0x14c0,969.7504
0x1daf,650.36847
0x1d91,839.2832
0x1ef6,890.4689
0x4bc3,1028.0436
0x4104,827.4853
0x28b7,928.8761
0x4cf4,794.8748
0xc6a,583.1654
0x1e50,701.7122
0x268b,1056.9695
0xd38,789.8611
0x2c36,775.81793
0x23f7,1036.3331
0x37aa,884.5062
0xe5d,697.4853
0x439c,671.55664
0x263a,635.1955
0xaeb,1095.0505
0x44a4,578.3798
0xff0,905.3016
0x4806,735.7076
0x434b,553.5359
0x1756,786.6584
0x3b4f,751.30084
0x4629,410.93463
0xa97,731.5432
0x795,842.60986
0x12ce,936.1862
0x49cb,661.96924
0x451c,747.0219
0x26c6,969.5618
0x2ca9,583.6089
0x855,599.4552
0x378c,646.3901
0x26a4,798.0166
0x1d6f,887.5008
0x39a2,975.0405
0x9db,754.03107
0x35c0,624.4477
0x2e68,869.7208
0x4b53,975.50275
0x4d59,697.3579
0xa63,855.53784
0x3ec1,772.72406
0x34e2,726.75385
0x3c75,759.67944
0x1cb6,953.53455
0x1e4f,1142.5908
0x26d1,1032.47
0x33c0,460.41086
0x26ca,939.0836
0x159c,947.6549
0x947,872.5594
0x14d1,854.4481
0xe47,891.47534
0x6ae,886.1291
0x4a01,1031.7236
0x10af,685.14343
0x24a8,822.55963
0x4d5d,692.05194
0x20a0,616.8696
0x336c,646.17065
0x234d,534.9145
0x3597,643.7321
0x4a6d,823.54297
0x5a9,991.1289
0x7ce,782.3367
0x128a,914.9796
0x1de9,980.543
0x2383,631.164
0x3942,728.97974
0x2718,811.58795
0x4ac8,739.2679
0xc20,878.6745
0x4a6e,678.86224
0x4a70,932.2581
0x1637,972.85254
0x43e1,710.4257
0x3a46,726.991
0x450a,477.9919
0x37f1,396.05103
0x45e7,858.1577
0x3ddc,571.66693
0x22f8,918.68115
0x4da,485.11575
0xd98,1151.5281
0x3bca,681.3662
0x4d0f,573.74066
0x17c3,920.7748
0x40e4,999.3696
0x1982,756.20807
0x489c,709.3277
0x2bed,1145.5984
0x3635,926.75244
0x5d5,1159.0638
0x337c,715.16583
0x26b7,684.09296
0x4040,741.38617
0x1ca5,823.7185
0x1825,756.27795
0x11e7,987.5272
0x32b4,939.1969
0x3d03,631.5955
0x2dda,631.1018
0x74c,973.41235
0x4e9f,622.5009
0x43d8,566.9674
0x221d,738.7031
0x4ac3,821.7676
0x4247,776.75635
0x2484,673.4083
0x3ad2,843.09467
0x1176,919.1911
0x282c,814.2757
0x2438,849.9345
0x2ec1,770.6166
0x2662,1020.92523
0x1882,602.6467
0x15f5,939.444
0x2964,1025.5333
0x3923,1035.9147
0x2dd0,722.3277
0x45d,861.8251
0x1b3a,783.2474
0x4d17,852.6624
0x469b,922.86774
0x3032,906.6646
0x4c5a,565.14496
0x445a,542.2484
0x3195,575.84424
0x436a,611.03143
0x12cf,740.27814
0x18be,762.20044
0x79a,1008.46246
0xf5f,879.75745
0x3e0f,1083.1093
0x3268,725.37665
0x4017,771.24884
0x3ab8,820.34735
0x1128,1017.3265
0x2bae,851.55695
0x521,779.18994
0x4581,1011.1465
0x10de,672.5221
0x2120,737.20154
0x244d,765.6748
0x4b25,627.7174
0x11a9,544.7528
0xed5,674.1605
0x2c43,824.6103
0x365f,712.2024
0x1e8e,484.63446
0x3093,815.15985
0xecd,769.99915
0x1f18,965.6237
0x5071,593.9514
0x6e2,948.4894
0x83b,805.318
0x300c,892.3326
0x4d55,853.59656
0x4970,651.4427
0x444,881.6514
0x2caa,606.4583
0x4f39,475.49646
0x4f0b,623.1605
0x48a3,729.0844
0x11f0,952.42633
0xb68,1324.1763
0x1a57,735.583
0x1aa8,953.3299
0x1e5e,654.01843
0x1c8b,824.89746
0x992,993.6224
0x3286,981.6083
0x1ac8,703.04095
0xadc,845.1422
0x35ad,828.83923
0x303f,960.76306
0x2cc9,581.67084
0x4779,817.14746
0x3eaa,477.7694
0x2854,564.5611
0x137e,680.4967
0x2c50,1100.3181
0x477e,363.40314
0x268f,736.2865
0xf7f,634.8783
0x1486,862.55524
0x2c2b,739.78357
0xe44,776.4156
0x2c80,723.04724
0x14cb,623.1609
0x4670,728.24695
0x429,978.8025
0x4acb,1005.429
0x41ca,961.8531
0x3d59,1087.0237
0x304a,826.1032
0x3943,704.1272
0x1d41,673.9966
0x25e2,845.8305
0x2796,925.21686
0x1707,491.6452
0x1433,1236.8071
0x2746,949.16547
0x4f4f,624.6358
0x2d33,462.39697
0x2264,423.43933
0x11b4,1096.1874
0x4d25,856.8657
0x34f9,410.46707
0x31a8,649.83453
0xbf5,771.9487
0x70b,994.65753
0x3336,883.39
0x27c9,456.8709
0xfcf,577.7205
0x4ec0,495.27386
0x12ec,995.8587
0x30b0,907.7132
0x4e9e,545.8736
0x2924,943.1386
0x3b47,994.49054
0x397c,1109.3683
0x11eb,900.85486
0x1199,472.15222
0x127f,648.82214
0x3140,708.67755
0x4f4e,689.0615
0x4537,754.6525
0x436,569.2932
0x852,791.0245
0x3864,672.43494
0x4438,881.3563
0x1757,719.6316
0x2fa3,1062.7644
0x258a,678.62476
0x34ec,767.99585
0x4dd8,681.02527
0x31b5,638.49084
0x27d7,1021.0366
0x2ccb,751.12085
0x38a3,584.54395
0x51b9,613.5424
0x3622,876.1789
0x4fae,815.7765
0x3cfd,448.57895
0x2a23,702.6365
0x504e,547.24915
0xb94,556.1859
0x93f,666.698
0x2da8,769.1294
0x28ba,545.225
0x4a2b,778.80035
0xc1c,737.79926
0x4955,810.5814
0x16fe,728.6659
0x12b4,850.2641
0x3288,650.2123
0x40e3,777.514
0x27e9,1047.5211
0x4ad9,600.33563
0xd7a,880.7085
0x149e,948.19086
0x65e,732.2826
0x2f2e,731.7709
0x2dc2,866.3642
0x413,602.9183
0x1c28,962.46594
0x23da,738.5595
0x229e,791.9429
0x38b9,939.37036
0x3a23,531.1889
0x4bcb,924.8893
0xfea,754.0403
0x30f0,624.97015
0x120f,909.3384
0x16bc,738.855
0x2cbb,622.81305
0x3441,835.3492
0x1e7d,1149.1351
0x484d,875.4981
0x25f1,895.0897
0xcb5,900.8283
0x47e5,880.49194
0x44e2,1068.8528
0x4ded,1143.6722
0x4d04,587.1431
0x515d,1023.91547
0x1a06,947.0758
0x3748,902.2153
0x188a,799.7654
0xe05,1118.3557
0x4f57,683.0943
0x66e,721.6558
0x1a61,633.8017
0x6a2,568.57605
0x4065,819.412
0x12c3,881.09784
0x289f,677.34607
0x4815,645.26917
0x18aa,634.25305
0x4cbf,475.88297
0xe08,664.6405
0x41dd,1086.206
0x3695,692.59357
0x166f,857.0916
0x3866,640.328
0x1f0f,966.12213
0x4328,566.1948
0x2c68,769.7103
0x3217,1027.4626
0x4193,766.1131
0xc55,627.84595
0xa04,963.4131
0x4eb5,618.23615
0x43af,785.0509
0x7d2,1291.0659
0x2da0,973.9508
0x196e,769.5551
0x372d,1067.7153
0x3bd2,716.0282
0x477b,714.16907
0x40aa,545.9335
0xec0,1020.23676
0x4762,1052.9479
0x3a2c,736.0893
0x5077,835.8635
0x222e,1147.6794
0x18ab,400.78424
0x4af,420.3701
0x3513,828.4164
0x2747,880.508
0x159a,821.6021
0x4d7f,608.22614
0x11ee,589.0275
0x2e96,1090.5986
0x1546,787.7269
0x43db,722.8362
0x13a6,993.89594
0x1baa,609.5197
0x3283,1001.17755
0x4bca,837.9234
0x2fba,590.662
0x47ef,727.36804
0x30d9,538.4565
0x43e2,793.5671
0x9ea,635.2572
0xd66,997.30194
0x4709,764.0606
0x3245,873.7783
0x156a,814.78864
0x2546,545.02576
0x107e,870.33606
0x4af6,822.2354
0x6e0,526.39636
0xade,746.71295
0x1424,543.5347
0x2136,582.95575
0x4d5c,866.9717
0x4f30,779.0878
0x251c,1049.7429
0x1cd3,867.3589
0x3da7,648.35815
0x5103,667.87524
0x3151,686.5856
0x2364,591.7332
0x5184,1028.9891
0xe1d,848.4577
0x2edf,1020.2319
0x3a20,1076.6207
0x3625,841.04376
0x4e5d,714.94666
0xd4c,1006.644
0x2d5a,1076.7703
0x5190,615.35626
0x32fd,717.5924
0x2537,585.56415
0x4c6d,641.31616
0x2a4d,621.72375
0x3349,585.6807
0x252b,887.9283
0xc49,969.59924
0x1d19,860.2874
0x4837,803.69165
0x3ccd,1155.7136
0x2d15,868.98773
0x122e,784.44476
0x51e9,717.6877
0x14b1,697.4679
0x331b,891.93933
0xeda,688.63873
0x1df8,717.98883
0xd96,1038.4496
0x4cae,928.6611
0x821,457.98184
0xf76,657.0593
0x41cb,1019.4126
0x17c2,625.0248
0x4b49,935.40533
0x4300,585.1224
0x2fcd,819.7202
0xb4f,768.91943
0x8c3,583.0343
0x240e,863.8772
0x634,539.77045
0x4eab,748.8241
0x4ab2,1130.4102
0x3f45,747.1003
0x2069,847.303
0x27bb,682.92175
0x1cdf,761.47186
0x10e9,372.81857
0x1ec9,815.0984
0x3956,850.9639
0x4dee,846.65497
0x41f1,532.0143
0x3e49,1019.71576
0x3692,1078.76
0x15fe,855.51746
0x1875,711.92633
0x3ce9,1129.3208
0x117b,927.58844
0x31a6,494.87686
0x2d80,1046.9036
0x7f5,848.3048
0x2f24,871.5392
0x41f,873.60803
0x125e,784.4315
0xb77,801.11615
0x2507,876.5181
0x8ff,795.4637
0xbaa,920.6066
0x33a5,389.89108
0x5007,691.1004
0x2d0d,805.5649
0x675,699.70154
0x3bf8,725.37573
0xacd,1093.0176
0xcd4,586.8091
0x210c,732.52246
0x2770,702.6017
0x502f,873.06085
0x1c35,372.2206
0x10f3,990.4592
0x38fd,467.01743
0x1ead,536.5034
0x2e3b,443.82812
0x209c,753.6708
0xf7e,570.8879
0x239b,793.2661
0x3e56,786.55676
0x2d84,512.5237
0x4d6b,1069.4248
0x3412,499.24725
0x8b6,1069.0729
0x3f1c,667.4994
0x4796,653.45386
0x158e,707.5128
0x3da8,548.85864
0x3c54,733.8593
0x1216,821.2294
0x2063,550.40454
0x295a,971.446
0x49f2,717.1837
0x14bf,498.81747
0x1fc5,747.5774
0x11b0,680.86774
0xe94,589.89264
0x309e,1032.0067
0x564,866.73145
0x148f,849.87836
0x3def,715.6037
0x193c,876.47284
0x22a3,830.9004
0x460e,941.6449
0x1ee2,828.6869
0x48f2,760.0682
0x4bb5,634.08887
0x352a,748.0136
0x4ae6,558.4586
0x3394,1006.69727
0x290d,872.55804
0x3ef2,867.2689
0x2e7e,859.1141
0x3feb,630.5172
0x88a,1030.7972
0x1b10,815.6665
0xf12,726.33514
0x4d8c,470.14423
0x32f1,1012.48236
0xccd,913.9884
0x3a37,991.4143
0x4034,832.8743
0x9af,720.47705
0x4552,1054.4012
0x33f5,694.44543
0x74a,413.99677
0x15f2,877.2308
0x3f2c,631.9717
0x36b1,430.91415
0x2a87,992.14124
0x377e,592.86053
0x22eb,733.68304
0x164d,873.7794
0x39e3,782.14923
0x31af,1084.2582
0xb04,418.46304
0xaef,768.8132
0x261c,876.9838
0x4ef3,849.09753
0x4322,863.21564
0x3e78,980.9473
0x1616,561.016
0x1f4e,950.90485
0x43c5,794.96875
0x454d,690.85754
0x4e18,755.4302
0x1e29,934.6137
0x3663,1003.18964
0x37de,757.7977
0xd08,578.0777
0x7b8,687.4172
0x12d1,1125.4755
0x3f87,893.88324
0x2b34,579.6931
0x375e,555.727
0x9e0,790.2865
0x3fa1,843.108
0x3a24,481.86993
0x5163,762.85144
0x3107,625.8364
0x312b,622.7108
0x479c,625.99646
0x5ba,1183.0856
0x3832,646.2751
0x25c4,925.47736
0xff1,960.11273
0x22ef,628.86285
0x3487,955.2529
0x17fd,839.0847
0x6fb,903.22314
0x4cb2,1074.5538
0xe8a,861.06006
0x1044,1061.6211
0x7fb,901.2829
0x4f56,927.1633
0x1e1f,636.4376
0x30a6,442.10437
0x512a,841.9953
0x42f8,922.49817
0xe9f,644.386
0x2684,632.15
0x1869,1051.8776
0x2728,899.4112
0x3752,675.2697
0x159d,908.792
0x3370,996.79803
0x23ea,750.42065
0x6f0,574.05927
0x3201,881.8088
0x2860,872.7825
0x4e5,911.01306
0x804,542.3608
0x46c,587.4768
0x351d,860.0089
0xd42,1027.5492
0xa1e,871.7772
0x371f,801.8006
0x4f33,1084.302
0x236c,964.75195
0x2424,791.4437
0x12d6,949.39215
0x1bf8,835.54926
0x41ff,859.8917
0x45c5,799.7836
0x461c,830.52106
0x18f1,787.2133
0x472b,966.5927
0x249f,913.5576
0x158d,495.4578
0x29ab,981.1416
0x2e0e,761.756
0xb02,798.3049
0x3aae,486.90692
0x2695,950.0861
0x4b82,1008.233
0x3e01,969.0078
0xaba,604.1475
0x21bd,803.25323
0xa6c,1072.3683
0x289d,653.48016
0x25a0,961.65466
0x4035,506.3874
0x3f82,833.4488
0x1a79,711.2638
0x36bd,867.2061
0x1fb4,813.3901
0x22dc,653.08356
0x589,727.82837
0x444a,797.0817
0xbef,747.6479
0x20f2,722.4356
0x2a26,674.955
0x3ad0,705.6314
0x141c,921.1594
0x3707,773.53326
0x4eff,713.0389
0x20d3,758.4767
0x1bd5,634.8977
0x5200,1006.9117
0x497c,596.9434
0x32a8,459.5518
0x5090,890.8597
0x4ca1,889.884
0x419a,828.0446
0x4e1a,574.9647
0x2e47,409.60916
0x440f,892.0686
0xddb,1030.6129
0x2d1e,896.34625
0x2d1d,875.9144
0x222a,794.25366
0x3721,776.3654
0x26f1,790.16724
0x1e8c,820.36316
0x4b7d,747.5756
0x51a1,845.21094
0x3a34,620.3239
0x45c0,647.77155
0x3031,1063.6887
0x3cbf,899.26843
0x4b8e,694.76654
0x655,1207.4663
0x421b,1179.892
0x1258,840.18915
0x1999,937.8074
0x3d2e,807.2551
0x29e8,589.8621
0x43bc,1066.8643
0x3751,935.98413
0x3dd5,816.0829
0x5032,872.42444
0x4854,968.7578
0x2700,732.61865
0x1d56,519.3045
0x3544,613.665
0x40b1,977.4876
0x4ee2,869.7498
0x35d8,402.5802
0x439f,679.4166
0x3a7a,646.124
0x3731,1170.9663
0x1648,741.9764
0x177d,873.78876
0xa96,1145.3334
0x4242,723.5115
0x4de8,814.0006
0x4c33,565.924
0x3b3f,788.8847
0x20fd,422.28485
0x4003,893.07355
0x4fe6,779.05255
0x1bec,483.105
0x4d0c,907.837
0x2bcc,606.0331
0x1fba,1022.4724
0x4f85,831.80426
0x1c2b,544.1216
0x1f13,876.07294
0xf59,887.09607
0x29d7,778.3201
0x16c2,604.49255
0x1adc,955.3836
0x220c,971.15125
0x4073,1087.1719
0x1e57,1039.3259
0x2fd4,669.7079
0x1685,793.8633
0x2607,899.72925
0x4cf8,759.46185
0x40d,700.2732
0x6a3,870.0318
0x36b9,806.8254
0x20bd,734.6774
0x284d,1056.4633
0x751,511.5186
0x1b14,641.5499
0x1af0,945.03375
0x12c7,710.43146
0x1b38,748.5685
0x1ed1,775.157
0x2ab0,1051.7397
0x251d,987.62067
0x236d,1065.6215
0xc01,630.4238
0x512d,523.1177
0x2b00,1002.1279
0x32c9,1069.937
0x482f,792.5901
0x106a,837.5187
0x1eea,875.50024
0x1183,802.8322
0x2034,568.1347
0x26d4,459.29077
0x513a,594.88367
0x37ab,753.98706
0x2aeb,731.42267
0x3b44,1087.5981
0x21b6,596.21936
0x1554,631.6001
0x3134,452.57626
0x316e,875.28046
0x640,659.57513
0x4a35,866.82056
0x1752,724.7222
0x3066,1218.8088
0x818,525.22546
0x3fa,847.4742
0x4edb,830.4647
0x40c1,1010.5622
0x1630,865.7157
0x2a2c,1247.5275
0x11ca,580.8111
0x5010,645.4143
0xe58,1050.1238
0x5b0,536.9907
0x2555,805.3468
0x21e8,599.3883
0x1b68,590.34937
0x4e1b,896.98956
0x3f46,711.2372
0x583,741.18005
0x34fc,989.2635
0x4443,1032.4855
0xc57,1012.0226
0x2a9e,978.9531
0x297a,919.9521
0x44f8,643.1913
0x2faa,654.94006
0x4701,752.79504
0x1efe,767.284
0x700,785.9632
0x274e,690.82227
0x418c,759.05743
0x3d7c,579.2165
0x3645,583.215
0x4286,697.9198
0x1cfe,1043.3574
0x65d,883.7534
0x11e3,745.148
0x98a,766.4016
0x2ef2,909.3265
0x1c51,704.67004
0x3ecd,683.60614
0x17c6,864.89575
0x45b1,898.66187
0x42f1,705.4534
0x5034,962.74695
0x1920,719.73584
0x37a5,1087.3839
0x414d,1033.8394
0x3ae2,974.15314
0x28a9,474.0992
0x3365,812.51324
0x2bdb,698.39136
0x21cf,541.19244
0x1b81,817.88257
0x2017,524.6003
0x16f8,579.8718
0x1450,733.39056
0x139d,894.9672
0xb9d,835.2232
0x3cb8,910.55
0x2f4f,826.1242
0x3b31,554.1246
0x63a,600.1908
0x1cc6,988.81976
0x4ed,784.85156
0x1f3e,778.9681
0x19f8,859.3528
0x27b5,444.37012
0x404d,504.90387
0x18ff,496.55432
0x25b6,811.75165
0x3eb2,530.9103
0x1b6d,907.52106
0x17fa,659.51434
0x434d,857.5283
0x2680,910.14166
0x3d57,597.6576
0x1afe,450.12238
0x1bf9,839.07666
0x3ed2,797.8949
0x22bf,600.1857
0x3ade,708.54425
0x299b,566.18665
0x2d87,869.60504
0x12fa,832.0178
0xec7,929.673
0x51fb,570.2697
0x3e65,1277.4409
0x2009,640.1873
0x37b5,818.7055
0x1557,612.3407
0x35bf,931.5306
0x1220,704.6728
0x487,985.57196
0x1154,924.2373
0x4f15,691.6047
0x452c,671.2559
0x1a77,908.57904
0x51a6,420.42
0x1502,729.54877
0x1615,669.51086
0x2ec5,573.7084
0x45ef,471.43326
0x4f1b,671.7119
0x1888,756.13995
0x3e1c,895.43164
0x23d9,881.96967
0x3492,656.2664
0x50e6,610.77704
0x337a,814.91516
0x3857,733.77826
0x2d06,1168.936
0x43fe,877.6497
0x3562,867.69073
0x22bb,396.75146
0x3c22,657.8878
0x2ee2,670.122
0x449a,651.0471
0x2952,1032.5615
0x489b,554.5191
0x29e7,781.227
0x19c3,868.9754
0x1ae1,746.3197
0xcdc,642.9429
0x1840,612.7039
0x3c18,465.2138
0x1613,854.2223
0x1f28,929.9653
0x46d7,614.54865
0x275e,764.0362
0x185a,927.24854
0x2c2d,651.014
0x51dd,1200.8597
0x15ec,713.0086
0x4e19,1029.6835
0x1c76,763.4257
0x291f,447.7289
0x3475,705.2469
0x47f7,842.2607
0x1fe4,885.186
0x46b1,678.4617
0x39e5,707.7825
0x33a4,679.27734
0xef6,769.9074
0x30c5,969.8024
0x2a0e,812.623
0x14d0,751.54956
0x2287,752.64484
0x480c,886.94214
0x2515,952.41895
0xe3e,795.6287
0x249a,710.792
0x4f00,553.0617
0x425f,825.9376
0xa78,597.82086
0x34f4,584.1268
0x3ab0,610.3068
0x26ad,603.78766
0x1842,494.12424
0x24c9,984.58624
0x10d9,805.71375
0x50c6,740.47363
0x4ecb,657.59064
0x40ad,534.5903
0x3b10,585.77704
0x3ed1,1079.9414
0x2a88,979.0562
0x4f71,638.0973
0x31c6,641.1776
0x3d20,745.1406
0x4eda,1048.8196
0x462a,1021.94855
0x3c29,781.28076
0x1314,710.4421
0xb16,1069.9055
0x4975,557.5332
0x42ba,841.6181
0x3e8c,458.6536
0x44f5,1136.1412
0x4fe5,920.6536
0x5ee,621.52637
0x16e4,998.5083
0x18b6,906.5515
0x2754,800.39777
0x2b2e,877.07935
0x43cb,555.4993
0x4e60,972.8381
0xc1a,1005.9078
0x3329,928.755
0x4e26,754.63885
0x3c2f,499.45786
0x22dd,911.25214
0x43be,780.43225
0x489f,556.8277
0x3d9f,592.75714
0x28ee,545.2186
0x4d49,646.39307
0x2363,802.614
0x6ac,897.6361
0x3328,836.42804
0x3ec3,586.5783
0x4880,779.53827
0x50a,757.95233
0x164f,701.5571
0x2ad5,705.26666
0x1c1e,821.3966
0x344a,824.75085
0x21d1,471.62238
0x197f,678.6231
0x2160,848.1341
0x1ee4,923.72754
0x274c,771.57367
0xaf7,1008.0509
0x3512,875.33167
0x4d97,816.8332
0x3ffe,758.503
0x420c,916.41534
0x3d2b,1138.3889
0x18a0,913.7683
0x4431,681.4336
0xba8,706.48
0x59e,754.3176
0x17c7,711.86523
0x4610,973.80554
0x2c6a,785.5043
0x19af,654.67615
0x2798,638.65063
0x18ed,643.7911
0x32c3,816.5547
0x3e4a,749.7608
0x13a1,594.1386
0x32c6,659.63837
0x3b96,451.2905
0x2696,518.58765
0x152c,660.4697
0x1d79,638.0508
0x2fa6,758.6064
0x94c,810.6601
0xfdc,786.3884
0x43bb,674.044
0x86d,762.18665
0x4dd2,753.58856
0x2014,820.9847
0x20a3,832.01794
0x2592,1027.4222
0x4ed7,1060.5762
0x4983,676.6674
0x2072,631.3474
0x1a45,910.25446
0x20f0,832.8102
0x50b6,680.20874
0x1170,917.9578
0x415f,538.3138
0x2643,680.2739
0x3e43,535.3447
0x2afa,710.4306
0xdad,983.41046
0x2893,913.64386
0x172e,1060.2161
0x4e8d,653.1988
0x3fdd,895.4909
0xf06,958.32996
0xc66,593.4911
0x21ba,561.06824
0x1f25,510.863
0x4208,658.446
0x2e56,659.61096
0x125c,647.25616
0xdff,919.3793
0x2258,1011.2392
0x4cdd,739.9938
0x3426,777.328
0xe21,825.45135
0x437,878.87775
0x2962,713.335
0x10db,1247.1151
0x2e5e,828.4973
0x4bdd,677.2077
0x368b,652.0894
0x3490,807.0887
0x78d,689.0917
0x196f,1049.738
0x275f,773.009
0x3700,702.7446
0x4754,619.4113
0x1a7b,934.2381
0x39ed,539.26733
0x1d67,725.54755
0x48b3,848.4112
0x3842,613.5383
0x3a2b,556.9875
0x1a88,1091.681
0x1f98,617.4206
0x7e9,944.5564
0x779,711.8204
0x43f4,543.01013
0x2176,1089.3201
0x17a6,887.6584
0x17df,477.1188
0x23aa,444.8762
0x182e,908.748
0x443,610.584
0x45bb,651.5282
0x1af3,798.51935
0x3d15,585.6722
0x4ad3,762.08075
0x3d5d,666.2665
0x4673,706.86884
0xb5b,821.28784
0x28f2,1159.5382
0x204a,898.1399
0x2528,964.02936
0x183e,830.09656
0x500,610.5851
0x1f16,761.4796
0x4819,557.83154
0x3705,695.8503
0x2f1b,627.30743
0x2df8,974.61145
0x4033,646.407
0x3640,694.40765
0xfbe,768.7328
0xc14,955.6747
0x4861,1070.5544
0x50fa,728.85126
0x901,829.10974
0x2497,880.7808
0x2afc,936.4342
0x2217,586.2343
0x39bc,778.2899
0x7d9,682.83234
0x32d1,618.9222
0x33ca,810.23175
0x1b83,770.0596
0x39e4,871.882
0x3463,903.33984
0x3e74,930.81854
0x12d4,592.2872
0x44d6,769.9812
0x14b7,367.47025
0x5b7,944.48645
0x5161,682.0877
0x425c,803.7138
0x2204,813.2707
0x4d69,871.27594
0x801,742.7497
0x1a78,781.6837
0x47dc,411.7577
0x282a,734.0732
0x2256,579.62146
0x41fc,572.9039
0x27e1,636.2185
0x3f13,1085.6947
0x1d50,1133.1316
0x66b,549.0322
0x1a0e,837.1746
0x70f,862.5242
0x33a2,641.5161
0x2b41,750.24164
0x244f,783.91833
0x250a,519.2333
0x1b7c,718.2911
0x4a62,606.1877
0x1381,829.74255
0x44c2,736.6273
0x4433,583.34656
0x4523,888.1016
0x486d,852.86816
0x46b7,1020.9703
0x1262,786.1505
0x568,755.32
0x807,843.3845
0x5dc,926.78253
0x1d23,627.24457
0x3f1b,675.7082
0x498a,875.0593
0x1e24,830.4837
0xac5,815.4798
0x1d7b,805.0332
0x36d7,873.6514
0xdaa,477.8413
0x5074,744.3082
0x7b4,542.9076
0x2208,907.12463
0x4a39,937.33594
0x44ad,778.3584
0x10f6,910.7916
0x39b9,482.76398
0x47ab,948.93805
0x497a,1020.68915
0x3cdf,885.6344
0xc50,547.4984
0x1287,799.49774
0x3d39,975.0146
0x3fc8,634.9414
0xd1f,680.75775
0x519d,698.05426
0x51d5,805.2102
0x3fbc,790.1813
0xf48,1037.2397
0x1b60,1010.88934
0x213b,502.9976
0x1688,747.26715
0x307e,812.7914
0xec4,800.6937
0x744,960.1054
0x1c47,1070.7054
0x4aa2,1028.7827
0x60d,559.03314
0x39ea,1006.4485
0x1651,457.76498
0x5f4,509.83856
0x3d47,592.35364
0x4458,458.47354
0x240a,572.9282
0x1cf6,533.33234
0x4dfa,653.40625
0x3236,1069.2871
0xd34,463.10193
0xa60,721.86646
0x7c3,659.32214
0x2c6d,584.0289
0x2f4c,1052.9755
0x2626,735.85406
0x20c3,671.73914
0x1744,1062.1368
0x1d5e,965.2432
0x485a,474.38043
0x1056,645.173
0xe37,796.32306
0x20d6,645.3911
0x133a,772.019
0x2e21,996.30963
0x4e7,791.7593
0x4a7c,722.43787
0x3737,1042.6248
0x23f1,983.2068
0x44bb,1140.6492
0x2521,1022.35846
0xa7b,960.4554
0x3255,872.46313
0x3cde,758.71967
0x3c42,897.2969
0x1387,1043.061
0x20c0,470.18683
0x12b9,670.44104
0x1c63,662.5546
0x1e40,783.68304
0x2a6e,987.2596
0x2d76,843.46515
0x1525,614.2711
0x3ed5,831.9132
0x460c,642.75415
0x4427,887.0087
0x157e,635.5212
0x3f3e,577.25385
0xf78,753.234
0x599,801.2264
0x23f3,657.7383
0x1772,707.1619
0x30a9,540.0581
0x4263,934.3349
0x152d,575.4701
0xc19,648.6173
0x24f5,894.6287
0x2b26,579.9489
0x12d3,588.08307
0x682,559.0109
0x2aa2,623.3546
0x197c,644.75867
0x9c1,1030.528
0x3a49,445.04593
0x24ca,585.88763
0x478c,915.10223
0x3b2f,751.2538
0x3042,868.16296
0x3f39,682.62415
0xbf9,711.3724
0x2c90,642.7849
0x4822,759.3527
0x2f85,703.41394
0x4e36,781.7481
0x4ef7,1096.1224
0x3d88,1074.0643
0x1346,815.7785
0x5067,601.04553
0x44f0,806.5716
0x20b3,649.94934
0x23cc,924.9147
0x4836,1208.9335
0x2131,684.6659
0x3a66,878.931
0x793,742.4879
0x4604,1023.48755
0x4260,597.3083
0x2d14,597.0391
0x30c1,878.5693
0xb44,742.88837
0x3ccc,710.1808
0x4d34,786.83777
0x5104,976.4195
0x3fce,839.30707
0x109e,971.20026
0x7ea,1052.0148
0x50af,741.69135
0x1787,541.9213
0x4555,1048.3274
0x2377,931.7499
0x2019,793.5171
0x467d,654.94476
0x4591,831.6615
0xc24,708.59503
0x1ef9,1050.4377
0x4898,706.59296
0x4d4c,903.45044
0x12b8,823.2615
0x2a24,836.37476
0x3fb7,540.87427
0x1db2,792.0106
0x4a09,701.92474
0xc21,802.1198
0x2585,623.25775
0x297c,959.3413
0x44ff,873.2538
0x11f9,682.294
0x16f2,869.58234
0x2b5a,738.6402
0x9e9,700.16534
0xe71,720.566
0x45c,1005.8872
0x3fc,556.4976
0x3c86,833.8728
0x4bbd,580.7302
0x2ddc,888.955
0x9eb,511.51105
0x1256,735.2697
0x4938,765.8141
0x890,955.87646
0x202f,953.2788
0x1330,705.1639
0x5087,643.11755
0x25d0,802.9544
0x1a95,677.99176
0x4ca5,847.3741
0x2c3c,715.5111
0x4ae3,878.0552
0x18a8,854.73975
0x3542,736.221
0x3773,747.92065
0x448c,781.243
0x4a69,840.8099
0x2167,798.82263
0x47d3,987.6452
0x4565,562.6789
0xd5a,893.752
0x3b21,727.6036
0x2c84,620.13696
0x221b,1051.4536
0x4f9e,914.2285
0xa75,890.70624
0x1b2e,747.5666
0xa99,623.40576
0x25d5,811.1351
0x50b3,970.2104
0x11e9,463.42316
0x3156,705.6492
0x1481,431.4365
0x517d,716.6297
0x2a33,731.0182
0x3dfe,640.9133
0xd8c,871.79254
0x2d22,680.3875
0x50c8,673.8433
0x1943,969.061
0x46d3,755.8368
0x379c,736.7475
0xcaa,640.11475
0x20cc,801.2933
0x2615,466.60403
0x1494,636.4585
0x39dc,585.7512
0x1814,521.03015
0x1e93,945.5785
0x3ddd,1025.6879
0xcbb,683.2052
0x4b4f,834.27765
0x269f,817.51337
0x4d40,928.20795
0x3ac2,972.62836
0x4cb9,999.5127
0x4d50,934.68713
0x2922,843.03735
0x35fb,1032.1216
0x28d6,596.9924
0x1786,396.27267
0x427e,931.69666
0xcc4,744.9715
0x461e,528.9651
0x2aff,1161.5342
0x3a68,1049.9999
0x4729,581.3714
0x3af7,698.6485
0x305a,563.90894
0x4249,712.98
0x24ad,888.3874
0x336e,629.7582
0x3b74,685.7961
0x4c8a,703.0411
0x45d0,993.03864
0x3d12,766.0645
0x3803,1065.3109
0x2238,763.7964
0x2ac0,958.783
0x40cc,574.4677
0x2cad,798.7443
0xd1a,1039.8948
0x38d7,1001.8207
0x3e18,797.9442
0xe6a,871.72546
0x249c,560.335
0x53b,740.4191
0x4228,544.1423
0x202c,931.9473
0x770,712.76575
0x4fd4,1029.0282
0x299d,540.31976
0x4be0,673.6274
0x10e6,659.0413
0x1af5,1076.1296
0xc81,780.55963
0x78e,633.8623
0x12cc,1037.7526
0x1b55,817.1306
0x1186,1000.436
0x3cbb,873.9958
0x95b,544.30536
0x1255,525.7546
0x10a1,780.1399
0x3a10,1053.8911
0x1551,694.59125
0x4c5e,505.08786
0xb0e,651.4935
0x2844,757.93396
0x3d89,643.1995
0x198a,926.63574
0x2296,865.8136
0x3d3c,1028.9742
0x603,801.9413
0xc47,799.6927
0x2850,1102.6282
0x4521,643.6112
0x2435,626.09924
0x2d50,660.7758
0x2b3c,878.9875
0x4b8,360.75034
0x101b,1116.0208
0x3e0b,631.0893
0x2081,1124.8688
0x33df,795.64276
0x33cc,777.26215
0x40fb,825.66473
0x50b1,848.8781
0x303e,912.0072
0x3e8e,749.4826
0x2b55,1039.7932
0x1ff9,638.59863
0x2771,681.16895
0x17e8,613.39545
0x110d,984.7166
0x3b32,1145.2504
0x29a0,504.41763
0x45e8,751.1766
0x2ce2,853.13257
0x2ead,622.8034
0x18a1,1006.1479
0x3be9,735.0327
0x3bd3,809.6827
0x3a4b,825.6323
0xf11,777.6682
0x106e,661.22437
0xcda,640.4439
0x2ca2,693.94696
0x44e5,777.355
0x23d2,649.81934
0x1221,432.66785
0x2abd,585.9739
0x29f0,586.6529
0x1103,508.0212
0x2a2a,455.08713
0x29b4,483.32962
0x4105,697.9646
0xe95,1149.8533
0x12c1,487.74902
0x8f6,1059.8582
0x3dd6,934.10986
0xb55,690.9183
0x3abb,874.3992
0x3836,594.4413
0x4566,872.6842
0x3f05,669.76697
0x3099,926.1763
0x16e7,752.62335
0x501a,716.35114
0x3704,984.4302
0x2906,488.69394
0x2e51,975.1787
0x39a7,1049.1283
0x46bf,872.794
0x2874,713.70483
0xd25,920.5038
0x2f11,669.1398
0x416,668.87787
0x4071,621.43756
0x21de,1003.10516
0x2083,829.3836
0x2b60,539.3473
0x214a,550.20294
0x3a8e,704.6421
0x1cff,756.34174
0x2883,797.998
0x3dbf,776.1944
0x242d,1172.0214
0x4a04,1000.578
0x1f05,1145.2897
0xa47,871.173
0x3576,738.9229
0x862,845.9273
0x49db,824.5325
0x409e,659.3061
0x26ba,1014.9165
0x2c1e,1060.4167
0x226a,1086.3289
0x4496,607.1813
0x3e85,813.51965
0x2fbd,817.6017
0x2041,996.4475
0x4210,691.77576
0x2ee4,733.58026
0x8fa,537.1281
0x41b8,724.01764
0x4e6d,739.6466
0x2e49,839.26575
0x49bd,667.6952
0x2ff7,1122.0483
0x1666,757.28674
0x291e,477.18912
0x3e99,523.0022
0x486c,609.78186
0x50f7,836.8705
0x43ec,843.3822
0x607,936.25604
0x2ab7,984.82654
0x28fc,804.47003
0x27ae,688.127
0x1830,946.77637
0x65b,1197.9827
0x3a5c,951.08405
0x8dc,1063.2751
0x4d89,840.8907
0x471e,768.1796
0x44a9,607.62585
0x4001,938.82983
0x1654,1111.7804
0x4508,731.4694
0x22d0,568.85254
0x3c23,770.81726
0x20dd,809.30676
0x2dcd,794.91693
0x33ad,781.8623
0x3769,739.305
0x3436,818.09033
0x196a,822.7337
0x12a5,1056.85
0x12a7,730.46124
0x567,632.6317
0x288a,1003.521
0x467a,1138.0463
0x41e7,783.0902
0x2bde,1050.4941
0x86c,663.59015
0x2b3b,1216.2839
0x2c12,686.4313
0x26be,1007.1862
0x28fd,618.31024
0x1504,908.0057
0x1357,1056.1969
0x31ca,739.3781
0x46d1,615.5577
0x4d67,814.05316
0x4d4,948.4131
0x3254,664.3544
0x3628,682.268
0x4848,679.7461
0x2d7d,600.70325
0x1f24,682.12854
0x4cbe,853.16583
0x368c,585.3535
0x434c,992.83154
0x3722,607.0335
0x1edc,558.71704
0xf02,874.30035
0x528,671.86444
0x2c78,593.1778
0x1f89,748.14325
0xcbc,1009.9713
0x4bce,925.2079
0x3d06,450.06592
0x2840,594.08374
0x3fe2,891.3451
0x200e,1160.8417
0x4a20,608.7913
0x3bf1,905.83307
0x2edd,437.3515
0x247c,658.8561
0x3cb0,446.95728
0x4710,538.4179
0x3575,639.79755
0x900,776.61707
0x50b5,573.01746
0x4152,1161.88
0x3d8c,1107.9427
0x28ae,898.0359
0x23d7,743.4034
0x41d7,469.9811
0x4c0f,583.77203
0x24f9,781.78644
0x1aef,734.8784
0x2332,761.8284
0x17be,910.53107
0x69d,738.6165
0x37f7,943.5843
0x4cab,815.1114
0x1bd2,527.54596
0x35a3,861.28064
0x2520,638.91187
0xb3b,778.1189
0x2d64,754.0566
0x317c,696.25494
0x4b41,893.35535
0x18ca,897.48505
0x262a,926.5637
0x3911,819.23663
0x4d64,585.45465
0x9ca,817.167
0x4e77,1019.58606
0x429f,726.0011
0x2630,963.9292
0x3ebe,971.05566
0x2989,1182.6061
0x3879,816.2415
0x3b8e,1022.1778
0x257c,881.904
0x11a7,829.3991
0x3ae0,571.15125
0x2611,737.8964
0x14d8,634.6712
0x56b,756.9803
0x2956,770.89746
0xff2,1132.1052
0x353f,864.7972
0x104d,806.59375
0x4b03,611.00867
0x2946,638.7651
0x432c,618.4819
0x61b,894.1024
0x1187,793.94385
0x1ffa,672.2577
0x35f0,721.83905
0x2720,526.1245
0x2761,573.7273
0x1601,826.24774
0x3b55,552.92426
0x36e5,935.2299
0x41d2,1038.9203
0x285d,606.16174
0x50f9,748.88
0x351f,785.6312
0x2d40,518.7181
0x8de,1027.9548
0x22c7,677.7635
0x1f62,463.3906
0x46a4,1015.2093
0x5101,941.7123
0x2af7,873.3491
0x129b,371.96967
0x51b0,902.1796
0x41c1,863.3228
0x3fde,680.71484
0x4f43,924.9608
0x1fe3,677.86273
0x128b,491.7069
0x109c,939.9452
0x4902,520.53357
0x31e0,578.04834
0xcee,951.1254
0x2af3,818.0042
0x2324,734.00635
0x49a,513.05743
0x729,555.1545
0x18f3,968.5988
0x3500,801.52496
0x25a9,791.00775
0x280d,864.1554
0x1521,738.1284
0x297f,612.1765
0x49be,987.4687
0x72c,1016.1603
0x3041,697.2898
0x27b2,682.0588
0x4d35,933.18604
0x150c,833.07623
0x280a,1038.5771
0xd06,549.3243
0x3fc6,867.78644
0x4ac6,782.03925
0x46b8,1083.9604
0x1b96,697.60443
0x1cd1,688.15344
0x270f,1096.0992
0x1054,530.16583
0x4cca,914.4589
0x1e41,829.7387
0xc02,519.37415
0x234f,493.0142
0xed0,566.36975
0x2fe5,1075.5927
0xea0,844.88385
0xf24,842.2947
0x504c,912.76086
0x287c,375.0532
0x1363,914.0069
0x266d,625.55786
0x46ce,1121.8982
0x5173,772.2708
0x21ac,445.43848
0x1f5d,663.8276
0xe09,909.6239
0x3753,1185.5181
0x1d62,616.39526
0xd31,877.0377
0x22cb,1155.2332
0x3e9,888.9848
0x3545,693.3278
0x2772,786.035
0x318d,673.1425
0x4c42,1088.9967
0x5076,602.3397
0x4d6f,687.90326
0x2b6e,1096.3641
0xf54,842.5759
0x1dcb,730.6111
0x12b1,746.2207
0x13b5,493.9506
0x1226,663.5816
0x2018,948.09174
0x15b8,516.2443
0x52d,858.0915
0x4d99,612.57916
0x1dad,465.9647
0x2279,570.86523
0x499d,957.37305
0x27e6,823.3709
0x1242,682.62964
0x28f1,503.8149
0x33b0,596.76337
0x4da8,1088.1764
0x48aa,729.11884
0x44d5,873.0788
0x3ef5,742.61707
0x44da,565.74646
0x1702,1150.6204
0x408a,739.9806
0x9a2,483.49646
0x292a,934.6603
0x447c,925.2237
0x29a5,737.6194
0xf9a,788.9957
0x1d9d,937.0621
0x125a,650.5704
0x3bd7,789.57227
0x1e4c,606.13086
0x4ac5,985.1154
0x3b2e,763.1747
0x359f,1133.9028
0x2c41,462.00464
0x3833,1063.0454
0x1d32,873.1535
0x18c5,944.9334
0x12eb,906.4067
0x74e,668.4486
0xd40,584.6296
0x272a,607.4546
0x42c2,989.9092
0x34ab,1039.9773
0x2f77,694.8684
0x46fe,696.3904
0x3ae9,992.7821
0x1a1c,755.6463
0x2fd5,661.1565
0x4f8c,628.014
0x2b4b,660.0466
0x4ae9,532.7603
0x1c08,540.95184
0x4080,761.80273
0x454a,723.74194
0x2318,720.36646
0x643,1094.2576
0x451b,1077.0038
0x3237,522.9303
0x4cbc,818.588
0xdbe,997.8744
0x3df1,796.1233
0x174b,581.0063
0x3131,520.07086
0x22db,754.7024
0x48a9,471.03183
0x9b4,655.76764
0x16b2,768.6317
0x347b,760.7783
0x3315,1004.0347
0x2a4f,844.0137
0x40fc,641.8839
0x23fb,866.41254
0x224b,923.0029
0x4562,757.929
0x1507,542.4135
0x314d,1081.8585
0x1695,799.1759
0x1384,881.16077
0x4c2f,694.35583
0x45df,930.73676
0x2401,878.74615
0x49ad,766.6624
0x4f6f,1097.235
0x4678,680.9319
0x1f22,805.9219
0x42a8,640.6334
0xd9d,710.3577
0x4531,1226.8586
0x470e,698.36224
0x3503,1140.9679
0x939,907.615
0x4662,1053.0518
0x4658,658.3647
0x40b9,768.176
0x43d2,479.44885
0x4717,811.05615
0x13f6,569.53235
0x4aa5,901.61633
0x25e8,648.6968
0x188b,512.14264
0x385f,596.1596
0x1732,776.62897
0x2804,919.78973
0x96c,1135.3197
0x3522,663.26385
0x200a,977.70807
0x12ff,872.77136
0xed3,741.3239
0x3ce8,574.36646
0x1855,623.97754
0x41fa,500.3422
0x3d69,492.3339
0x2fa0,799.68317
0x4af2,988.1842
0x471a,768.9549
0x1916,971.4807
0x115a,1053.0188
0x1ebd,864.0115
0x8d1,607.9543
0x13c8,784.2097
0x169b,612.13434
0xae8,484.33344
0x179f,894.823
0x3016,877.3514
0x20c7,935.0719
0x2cf1,981.0799
0x2f3c,899.80945
0x3350,654.905
0x33ff,951.61176
0x2a9b,1221.997
0x34a5,711.32275
0x3109,995.1958
0x1dca,507.88184
0x1606,555.113
0x3e32,688.1984
0x1f2e,889.69073
0x4f24,812.4322
0x4920,795.06805
0x44ae,480.73874
0x302f,757.75793
0x1a1f,1032.4471
0x38ce,805.95154
0xc72,755.8667
0x242e,605.35004
0x1d7f,739.0164
0x24c0,925.3296
0x1618,709.05914
0x3064,888.3041
0x2752,1231.0873
0x3358,646.8829
0x433b,599.3466
0x497d,1019.79584
0x1333,783.96313
0x3170,1022.03394
0x4936,706.8896
0x42a3,625.8667
0x1897,879.6799
0x944,787.4545
0x21e4,571.88245
0x7cf,567.1737
0xcab,477.0676
0x33e1,952.07477
0x506c,966.1082
0x3ab4,565.9196
0x51f2,972.7468
0x6be,694.7705
0x2e04,688.7721
0x3a70,952.02203
0x968,816.42444
0xafe,606.89496
0x2ca0,858.2927
0x26f0,876.5212
0x6e4,677.01263
0x3190,682.6479
0x1599,528.8208
0x39dd,704.99567
0x4cc8,793.3089
0x2fc0,931.1883
0xbfd,798.9876
0x51a3,1011.28925
0x4199,852.405
0x30c3,721.34094
0x3e66,841.01276
0x37a0,576.93616
0x10f7,624.5246
0x2b80,697.45966
0x3432,774.4234
0x799,978.84283
0x4924,706.907
0x242b,559.18835
0xa44,872.79504
0x2ae7,918.9583
0x1e0a,664.82947
0x1c8e,566.1263
0xdc4,899.09485
0x3a81,1014.7347
0x11f8,847.0204
0x2e0f,584.51056
0x2cd6,699.5587
0x43a3,766.1141
0x16f7,540.6127
0xbf3,805.378
0x21f8,595.2312
0x1fc7,902.1857
0x43d9,597.92694
0x13c5,699.9102
0x473c,917.37354
0x4e5e,499.4316
0x8ca,772.8829
0x225c,869.5187
0xd20,1022.1756
0x3fac,1014.88446
0x1aae,628.2045
0xbb3,586.87134
0x2a77,937.10944
0x4d22,770.20087
0xf3a,467.14713
0xfd1,661.7882
0x2e6f,608.1745
0x16f0,768.3597
0x4f87,1153.264
0x3c89,802.6572
0x15de,1264.064
0x3ba0,359.67694
0x484e,999.8352
0xce3,657.9909
0x110f,934.4505
0x3723,475.08398
0x2581,1014.84143
0x1f21,763.6416
0x4f52,842.1417
0x3fc5,850.2756
0x4b46,341.83475
0x33d4,615.27856
0x43ae,834.13477
0x1b35,715.2989
0x437d,678.1029
0x4e9b,651.5162
0x19b7,686.6615
0x1b92,561.9147
0x2c51,1057.8641
0x1d33,756.2625
0xce8,559.89294
0xc3c,810.2872
0x2207,688.6278
0x1377,789.72174
0x51e,905.41284
0x3f56,792.08636
0xf75,807.98584
0x4772,1235.4539
0x9cf,661.50183
0x10a2,871.3859
0x8e4,1025.3281
0xd19,718.1589
0x4028,1042.647
0x1e56,504.31418
0x4602,836.812
0x4c6,604.7628
0x2146,849.4776
0xc8e,578.7746
0xe29,705.4029
0x283a,811.6922
0x2162,867.64813
0x1961,356.72357
0xa5e,919.3934
0x17d3,1018.26105
0x274f,652.7666
0x3d23,930.2591
0x48db,707.67377
0x12e8,810.91376
0x1e2b,496.69125
0x260c,896.3722
0x2314,789.7152
0x3135,711.28143
0x2a84,1003.1939
0x100b,817.29803
0x4a0,904.0543
0x3680,817.21985
0x51c8,931.837
0x2816,463.2813
0x6f8,512.1741
0x2da2,960.1628
0x6b8,522.13477
0x4a53,733.4103
0xada,636.03394
0x33d9,852.08307
0x3e6c,689.2459
0x4f8e,802.79474
0x3f61,761.7016
0x6e6,476.71408
0x49d8,850.9886
0x2e16,1214.0198
0x1037,793.44885
0x102b,730.91394
0x2ac1,526.56537
0x11b2,754.0836
0x36ae,755.01715
0x338b,863.79865
0x2992,1081.6582
0x429c,982.5912
0x4622,750.35895
0x1aa2,876.41425
0x3f16,910.7313
0x2bdc,489.0955
0x42bb,709.1584
0x30e4,706.2034
0x3391,846.4511
0x31f3,910.09247
0xff7,780.83527
0x5111,918.2395
0x406c,614.3719
0x2054,899.46497
0x965,713.30255
0x4776,908.1654
0x2899,435.60712
0x36cd,632.74915
0x432,981.54315
0x2800,597.09235
0x3337,714.1963
0x133e,794.9223
0x36d1,866.259
0x24db,543.87054
0x471f,610.1678
0x4cc2,507.40308
0x4982,803.3994
0xbed,1022.06537
0x10f9,885.23553
0x201c,737.68567
0x38c3,642.47235
0x1a21,935.5542
0x1930,1109.4843
0x340a,990.47644
0x457c,1083.2635
0x4f28,1204.8964
0xee4,837.97174
0x4e14,688.89526
0x4b27,961.1404
0x167d,665.0956
0x22e5,624.97217
0xbec,1030.2963
0x50f5,475.82047
0x30eb,589.1287
0x4ab7,657.34503
0x3c97,998.4497
0x3ef1,610.6043
0x281a,473.46652
0x22a8,1120.659
0x16d8,846.99945
0x685,764.2863
0x7df,939.5381
0x1abe,736.7702
0xf94,620.3573
0x40d8,705.6327
0x21d7,847.43567
0x1276,798.48505
0x492a,590.31036
0x37d8,932.7236
0x4457,945.16327
0x3fc9,553.48364
0x134e,553.159
0x3b79,643.9874
0x4112,788.56036
0x1109,813.86334
0x22ee,1022.509
0x91e,671.2817
0x474,544.867
0x51ed,615.9613
0x46d9,424.8336
0x43d6,732.04443
0xbcd,788.01184
0x3076,739.4583
0x1566,730.77795
0x3122,716.11926
0x3dc7,938.6524
0x364f,916.8742
0x3f7e,1199.9496
0x4429,915.8963
0x4a85,744.5086
0x3039,800.6949
0x1ea8,686.8948
0x4bd0,891.87
0x25dd,827.6738
0x2621,598.90894
0x4efc,609.4593
0x3f27,863.0653
0x3199,732.30194
0x31bd,630.5438
0x4dfb,889.0489
0x4df8,652.44714
0x1cb2,384.64468
0x1105,935.8861
0x4316,529.95306
0x2d26,785.1194
0x3c94,551.8546
0x4b65,578.2672
0x37e2,780.09247
0x2b0d,967.3242
0x375f,711.44434
0x36dc,1147.1449
0x2c5b,488.9065
0xdf9,767.8872
0x18b0,824.27405
0x3119,550.2912
0x38f0,471.71365
0x4adc,591.31683
0x3133,620.5839
0x2e6b,642.5253
0x4e7c,991.7971
0x9c8,605.46545
0x4853,1105.689
0x4ee9,1107.9532
0x265d,851.3406
0x1946,1179.3726
0x1e96,1068.2827
0x3e12,713.0805
0x1e6b,746.4684
0x22d3,674.3429
0x4419,816.941
0x3368,572.04553
0x25fd,859.87604
0xc7b,769.2135
0xd92,674.1297
0x1f2b,955.29504
0x38b5,896.5516
0x48ca,835.9723
0x47f5,827.4073
0x4f6c,987.52637
0x2d74,580.2137
0x342a,805.4482
0x86e,822.6172
0x16ed,718.2705
0x9fc,606.66
0x4e93,700.2351
0x3c49,773.61816
0x739,536.13495
0x4a8a,482.73724
0x495c,795.86505
0x2379,1307.7848
0xba5,1172.487
0x41a6,746.01886
0x7a2,838.2911
0x84a,797.55994
0xeaa,1031.9053
0x31d4,639.47076
0xf70,532.0202
0x1653,612.5979
0xd6d,507.29868
0xb69,579.2742
0x2914,451.4511
0x2e9f,887.13477
0x26e7,720.9018
0x19a0,946.30585
0x17d4,619.6127
0x4a6c,501.0702
0x268a,546.73206
0x2b99,936.897
0x53c,320.93292
0x47b7,912.0638
0x3eda,760.89886
0xd47,816.0616
0x2d07,777.5769
0x10a5,643.8154
0x4a31,986.1169
0x1a92,732.616
0x42e3,724.92615
0x28a1,714.6665
0x16a3,491.916
0x406b,1034.2247
0x4ce2,569.25586
0xcec,688.68506
0x2b31,690.2998
0x272f,840.6064
0x2b3f,861.1219
0x12ba,691.4983
0x774,567.6254
0x1e43,796.9613
0x3024,529.5746
0x129e,719.0851
0x4525,981.7547
0x2589,875.8299
0xe8d,1014.52234
0x1ed9,889.89026
0x3f85,887.5982
0x179d,622.4544
0x3777,921.69183
0x3a9b,568.0661
0x3fb2,737.5636
0x1a18,921.4391
0x1471,948.60767
0x2887,874.2803
0xa3c,812.7676
0x240d,392.64752
0x4172,813.54987
0x287a,717.2436
0xda9,524.4505
0x399b,906.2926
0x26b8,787.9563
0x1163,793.61206
0x4c9c,782.8353
0x4fa1,453.55005
0x1082,692.91895
0x1620,730.4329
0x296a,843.208
0xed4,659.523
0x2079,921.59644
0x25eb,676.4388
0x4ef4,553.1392
0x233a,965.62915
0x3175,1020.42834
0xd70,790.23364
0x987,876.32166
0x1575,992.39294
0x1d60,779.63654
0x40fa,616.1014
0x435,510.94986
0x40fe,926.66144
0x504d,933.2633
0x4e10,740.2756
0x3c16,944.57385
0x2311,812.611
0x393c,740.9021
0x46c2,747.7073
0x409a,777.0017
0x4c9,886.5781
0x1a71,542.66693
0x2bff,981.97656
0x2a3a,812.07196
0x1e85,812.77344
0x485c,759.9186
0x13de,983.6092
0x5f7,530.04614
0x1e66,800.5361
0x2517,1137.8243
0xb27,689.66437
0x3735,775.42456
0x6cf,812.19794
0x4764,894.85785
0x4092,828.9219
0x3e62,955.8306
0x42ee,1115.8047
0x219c,1045.6381
0x1781,577.4408
0x4e94,698.4709
0xaf1,1127.5087
0x3c9c,986.58954
0x46be,651.2778
0x24f4,837.41394
0x4763,528.8447
0x3f0a,516.723
0x2406,924.3817
0x2399,545.02765
0x3019,728.86743
0x3306,1049.1409
0x306d,757.67474
0x2c47,846.2794
0x2d48,526.57007
0x47f3,1039.6692
0x1bda,786.5474
0x2e6c,453.4733
0xa84,1198.1017
0xb5a,638.1841
0x4792,720.5754
0x349b,572.931
0x3f64,1043.7747
0x298e,752.2286
0x2a60,395.3665
0x3900,663.5548
0x4881,622.645
0x388c,914.3023
0xf57,684.44995
0x3aeb,550.99835
0x1153,1166.3925
0x3229,920.54865
0x3517,546.6848
0x27f4,610.427
0x2f17,971.8718
0xf9e,772.8594
0x15d5,860.156
0x15bc,642.7624
0x1528,737.64935
0xba7,445.65228
0x4f2,887.92786
0x2bb1,759.25006
0xe2f,736.7608
0x1bc6,675.6496
0x5097,1015.49347
0xe82,854.8017
0x910,610.2764
0x3b87,1118.6562
0x1c5c,1043.8281
0x1db8,698.12836
0x1077,1156.2678
0x2506,757.493
0x41ad,899.26886
0x2ca5,834.61273
0x286d,686.7094
0x2f87,985.3052
0x3869,893.2781
0x3ff8,1003.16876
0x32e7,796.8788
0x4021,926.04803
0x1664,1148.1448
0x17dc,950.6868
0x803,615.2905
0x1a2c,403.01608
0x1462,1113.7324
0x16de,498.78912
0x2aaa,758.0186
0x2bfe,987.4332
0x7d1,906.1555
0x484c,636.63403
0x6ff,713.1599
0x27b8,648.3689
0x14b6,1066.7909
0x1145,622.1731
0x4e22,639.48737
0x2c8d,884.5933
0x38c6,890.37506
0x333a,876.8477
0x3022,654.2521
0x4f88,542.30255
0x776,617.67487
0x42b6,658.5512
0x41e9,621.9891
0x33c7,803.8506
0x8d8,750.4693
0x5068,755.379
0x1e5f,866.5676
0xe73,1188.9884
0x2a06,1042.4169
0x296e,512.5487
0xdae,709.67834
0x4b3b,528.05676
0x4d6d,520.8381
0x557,608.73944
0x1540,899.166
0x98f,990.0372
0x2646,1116.0487
0x2638,528.0187
0x343b,914.3836
0x118a,832.91986
0x3431,810.5463
0x1c83,1159.9995
0x10bd,749.9382
0x285e,664.4613
0x3fe3,909.35254
0x4ed6,562.74554
0x3f41,451.26093
0x2443,897.3856
0x449f,688.88086
0x1b76,730.9745
0x11a0,722.1572
0x2422,1159.9136
0x21b5,632.3836
0x345e,916.2967
0x4d47,875.05
0x13d8,749.7124
0x43f2,815.0361
0x3361,838.0405
0x22c2,830.5654
0x31e4,1011.3196
0x5180,854.4162
0xee0,741.0738
0x49de,1033.6757
0x48a0,1078.4132
0x2865,925.7034
0x2980,1400.115
0x970,941.84515
0x401a,777.0496
0x464e,714.3097
0x32ba,662.6271
0x1dfc,752.92896
0x3026,794.91016
0x2612,1044.3192
0x2b06,676.38226
0x36c5,922.5362
0x1af8,684.5187
0x2aa8,553.3831
0x1b69,521.9098
0x147c,839.57153
0x3185,536.33234
0x2cf2,948.8947
0x3738,894.3026
0x23b1,529.12933
0x2342,937.4556
0x43ff,1224.7808
0x25ed,778.3512
0x1401,597.8315
0x3c17,1112.6879
0x32f8,900.7724
0x213e,488.20325
0x969,973.55676
0x41eb,844.10004
0x3730,444.67325
0x7ae,1017.73016
0x17ba,616.30615
0xc78,881.43463
0x35ca,458.1253
0x2ce5,786.7754
0xbf6,706.66565
0x12f0,539.9326
0x25f7,697.28827
0x14ba,733.5746
0x2e50,810.2794
0x16ff,617.09393
0x47fe,598.4457
0x2b5b,872.3499
0x27a1,532.60315
0x1e05,737.79144
0xb73,855.6521
0x4603,1044.3656
0x2087,566.4164
0x48f7,566.63983
0x2949,957.3646
0x4f16,681.549
0x19e3,1021.8338
0x1edb,622.9667
0x3f78,890.3064
0x467c,963.7259
0x4c37,959.5689
0x37b4,959.9918
0x48e4,648.2681
0x4acd,502.8793
0x4fec,584.1481
0x2bfc,853.4228
0x4b98,891.77997
0x34e9,618.84735
0x78b,821.0078
0xc05,769.48505
0x408c,827.43365
0x40ac,1084.8981
0x51ea,770.7704
0x38ee,742.0741
0x48ac,577.9642
0x32ed,611.59015
0x2ce4,687.98645
0x2b4f,988.8074
0xf9d,826.7291
0x391f,476.04422
0x2937,519.4417
0x1b70,489.73444
0x380f,649.4736
0x2060,852.2866
0x1536,636.87256
0x184e,668.3303
0x4ac4,664.653
0x26ae,786.32367
0x46e,824.3338
0x3b0c,1048.0763
0x64b,671.30945
0x424b,801.52167
0x1c94,727.17505
0x126c,662.3812
0x10dd,553.2891
0x3a2a,720.52136
0x2a8f,515.3238
0x16fc,670.69446
0x4336,664.1966
0x1b9d,585.609
0x4bf6,527.3713
0x4043,744.198
0x21a3,726.9663
0x228b,811.6255
0x2482,888.5099
0x3d6e,993.4015
0x16c3,774.48444
0x27cb,506.24393
0x48c3,835.45294
0x190b,656.92786
0x7ef,505.94104
0x47be,708.9947
0x1c9d,795.8059
0x47a3,845.04517
0xf46,865.3825
0xa13,837.8814
0x1d95,896.98145
0x2e8d,845.795
0x4d30,705.39874
0x1eee,684.5307
0x2661,450.86826
0x50e2,558.596
0x92d,1068.0037
0x9bc,602.6564
0x4307,618.3199
0x40c,854.8672
0x1e31,810.17084
0x703,693.91144
0x38ad,770.7998
0x3bc0,519.21454
0x3a69,532.3388
0xb14,752.03656
0x13ea,714.70795
0xf15,721.47784
0x1baf,1011.66705
0x593,817.6023
0xbcc,1062.5824
0x4b6b,974.1075
0x2ed7,948.10486
0x1a7c,556.6418
0x241b,695.688
0x129d,946.52246
0x189a,587.6695
0x2f7c,622.0442
0xfa6,747.50745
0x20aa,650.73096
0x25d7,976.6582
0x2a8a,937.5236
0x3126,848.17566
0x41a7,957.49304
0x1bc9,587.56793
0x5152,649.38684
0x30bd,512.7098
0x76e,827.8577
0xec3,814.31964
0x3bfe,889.3484
0x4de7,994.8196
0x4db8,1058.6521
0x49ca,914.2972
0x1bb4,757.7179
0x3694,627.6123
0x441c,427.3755
0x4479,836.49207
0x1866,794.63306
0x4df4,958.35614
0x426c,785.93695
0x1f5a,838.4639
0x2efc,766.7828
0x422c,856.47455
0x1f9e,845.446
0x13b7,1042.3472
0x45f1,474.3792
0x1d01,557.7401
0x1215,622.3387
0xff3,531.4616
0x2e9e,797.7552
0x3045,451.00354
0x2b36,599.53296
0x18b7,729.151
0x4446,1003.4746
0x2aee,607.4207
0x356e,600.5648
0x6ca,542.8451
0x3675,660.73944
0xa86,1033.8716
0x472d,652.5825
0x1ae6,441.21912
0xf8f,790.7049
0x3aab,737.6659
0x4c81,726.22626
0x1ad0,958.91016
0x1f27,578.6737
0x189e,600.6522
0x40ea,874.21234
0x112d,772.7428
0x1b12,621.97064
0x5002,845.16425
0x5056,627.38153
0x42f0,642.4098
0x4d9f,666.0824
0x5c2,778.5688
0x14f6,1292.8693
0x46ab,912.3866
0xd9f,609.8118
0x3df0,897.805
0xe9b,893.06323
0x2456,936.00653
0x2fa9,817.7466
0x1113,1022.64404
0x401d,837.67444
0x3aa5,1215.9631
0xb60,1062.5337
0x2bad,902.423
0x37a3,854.2227
0x2ef3,816.44086
0x23f2,773.21783
0x238c,636.65015
0x2c14,597.571
0x3740,576.8351
0x38d9,1033.7427
0x2b0a,878.18384
0x490e,747.81226
0x4908,558.25244
0x453d,760.776
0x24d0,757.58606
0x17dd,1023.6568
0x4968,874.6598
0x103a,965.7252
0xf53,757.89044
0xd30,874.03064
0x8e6,629.2232
0x3be6,811.8944
0xaac,470.0935
0x4928,763.4061
0xa53,823.4605
0x2579,907.4455
0x1d3b,747.96655
0x2df3,963.1758
0xfe5,818.62964
0x1705,616.2137
0x880,963.7338
0xf8d,905.1034
0x252c,754.0522
0xd35,739.86053
0x20b4,583.3921
0x2f27,1165.4928
0xdf4,727.3524
0x1bed,887.9046
0x330e,901.8658
0x1bdd,594.0973
0x4afc,990.85516
0x4128,813.0064
0x4f72,980.7589
0x3fb,743.4208
0x1efb,945.97406
0x148b,622.44794
0x1df7,691.0098
0x1a4d,985.0847
0x1492,981.58405
0x3717,655.4724
0x3716,1004.8866
0x728,1075.8116
0x4f97,683.6301
0x109b,731.91046
0x286a,832.9157
0x17c0,862.20605
0x44dd,823.97003
0x2880,768.4731
0xce2,764.5139
0x44fa,622.9151
0x4fe8,1045.3413
0x3bd8,574.48706
0x2249,1004.62085
0x2c1a,576.53925
0x42d,934.8996
0x2442,464.818
0x1ce0,769.8099
0x174c,461.53342
0x472c,636.8348
0x457b,955.8854
0xca8,713.5781
0x3458,615.2731
0x3094,559.4213
0x41c3,889.0715
0x47d1,715.98975
0x51d,812.9063
0x201f,868.8782
0x1d1f,782.92096
0x4d90,889.52014
0x1bb3,570.0561
0x2230,517.44965
0x38cf,1029.5032
0x4243,1040.2137
0x4eba,970.9267
0x3c53,626.73834
0x3844,621.7805
0x1a4e,476.96808
0x1f99,650.0406
0x4a5f,807.62177
0xf1e,872.71423
0xa7d,567.56903
0x36c9,1016.9947
0x28c9,590.5739
0x1d82,862.0101
0x3aa3,699.4115
0x31b2,773.43054
0x2689,691.7765
0x264d,975.0455
0x3bc4,635.159
0x267f,922.9413
0x27c7,921.27277
0x1316,1081.6781
0x1302,778.412
0x311d,868.4177
0x424a,938.7242
0x2b68,725.72186
0x42c0,867.6589
0x9bd,818.082
0x3fe1,492.52643
0x140a,995.5514
0x509d,694.1612
0x2c8a,704.6456
0x49fb,741.7603
0x4360,795.6598
0x4578,884.6833
0x45d6,606.3665
0x4350,557.0591
0x9da,918.129
0x399e,670.23114
0x2554,1063.0477
0xec9,1050.7465
0x3a38,1058.8169
0x23ae,801.9615
0x2d58,779.45
0x4b7e,503.91678
0xbd5,630.7844
0x4e1d,719.3234
0x4248,695.31555
0x342c,1130.3273
0x47c1,766.684
0x377d,784.2613
0x2e30,678.46893
0x836,745.0362
0x2932,761.3668
0x7ab,963.47687
0x349a,1129.5681
0x2ccc,724.3459
0x2fd0,1332.9885
0x35a7,853.82153
0x2919,924.3484
0x2bf1,811.2373
0x115b,663.6047
0x1dae,866.10626
0x20f4,821.8438
0x77e,543.6096
0x4d74,770.0048
0x48f0,553.6475
0x3870,734.9702
0x1def,682.78485
0x333d,1091.9298
0x50c0,843.73566
0x2e6d,926.24
0x1b34,742.5932
0x443a,862.9551
0x33ed,804.6189
0x1657,933.1496
0x16da,729.5104
0x9ff,951.41925
0x4408,816.46814
0x452e,900.05206
0x5e8,868.2636
0x4c4f,1122.954
0x3955,730.90607
0x33b9,785.0687
0x20c5,779.1888
0x18b9,1004.0969
0x2ce6,630.3224
0x35dc,1017.5451
0x4a8f,903.0765
0x3999,755.9606
0x468d,956.1585
0x58a,684.40814
0x2c62,694.7457
0x858,760.4644
0x89f,709.8729
0x12b6,1010.1371
0xe3a,873.24866
0x1202,665.2406
0x4727,730.03064
0x25dc,447.98596
0x430b,1096.6531
0x247f,721.15576
0x7b6,756.9654
0x167f,948.5847
0x1c0b,393.51224
0x23c2,913.5865
0x4287,910.9018
0x1687,1025.4557
0x4eae,387.71918
0xcfe,560.608
0x37ee,697.07336
0x411f,1063.7336
0x928,662.8938
0xab7,1007.98346
0x4a8e,813.50836
0x3882,1056.0186
0xdaf,639.7622
0x2d03,747.0104
0x508,594.95233
0x11e5,964.50183
0x3325,1090.0397
0x58f,504.95337
0x271d,784.7945
0x3e77,976.81976
0x4aa1,1090.8934
0x3871,837.50934
0x1698,524.18317
0x3461,935.118
0x4333,674.61847
0x3067,807.91724
0x121e,484.3254
0x4fff,996.5934
0x2150,826.7585
0x1e34,757.0182
0x12f5,494.57117
0x4885,648.99225
0x3840,753.0076
0x2907,815.51654
0x500e,629.77765
0x27de,767.4736
0x3410,698.58075
0x20fa,846.2541
0x501d,673.25867
0x2c0e,561.33234
0x4b0e,782.69196
0x24f3,1142.7471
0x28f9,828.9243
0x35d3,768.0604
0x1087,761.553
0x36e0,1011.18225
0x1048,1018.44965
0xc92,526.3025
0x3825,434.46277
0x21cb,903.7621
0x2729,484.85962
0x80c,558.38873
0x3e70,728.92883
0x1002,752.3093
0x453e,1059.6267
0x38a8,520.0609
0x193f,728.8775
0x45b7,690.67444
0x601,555.16656
0x451e,688.6264
0x344e,552.7582
0x353e,613.125
0x329d,1012.1309
0x1b00,727.951
0x443e,851.17206
0xfbb,639.20404
0x3c8b,1131.0632
0x19cf,887.41296
0x10fe,1032.0782
0x1d98,650.18896
0x10f8,480.0199
0x77f,1157.341
0x2e95,696.7121
0x1b78,606.077
0x2593,735.2618
0x3800,738.02856
0x1de2,563.7947
0x30d6,741.1497
0x1745,764.7123
0x4e2a,562.84436
0x386e,783.15576
0x4113,798.1566
0x3469,750.1094
0x7db,800.44653
0x1e47,1004.7836
0x2115,753.3202
0x22a4,700.74786
0x37b0,464.04745
0x746,621.53265
0xd52,911.8531
0xd7c,553.57587
0x466,669.51074
0x15e1,1029.8585
0x1a4f,750.3784
0x3060,947.81915
0x4ef2,629.1469
0x4194,546.1241
0x4f91,796.50116
0x4053,625.23444
0x4258,602.9299
0x4cdf,726.3029
0xef1,891.14264
0x4dd3,623.8249
0x4640,885.09485
0x46ca,622.0936
0xaa9,704.4943
0x30cc,786.22614
0x975,1185.4434
0x3984,615.9632
0x31e6,869.9658
0x2013,848.36847
0x3aad,680.03253
0x328e,866.205
0x21da,887.6045
0x3ec9,974.9104
0x252d,715.235
0x3ddb,1127.5437
0xde2,626.4231
0x4fdd,1050.9559
0x427c,639.14514
0x1e42,1030.7373
0x41de,736.8839
0x282d,675.263
0x346a,517.40125
0x17fb,630.3701
0x2b25,642.468
0x2edc,624.9824
0x12f3,435.84912
0x13b1,732.7097
0x4f60,655.0345
0x31b7,663.22797
0x3489,760.06067
0x15ba,498.03775
0x2346,944.88446
0x1f57,902.2695
0x2da4,660.473
0x3cf1,852.24945
0x3479,617.2882
0x49af,501.2811
0x310f,676.48773
0x3935,717.63116
0x4a1a,740.07227
0x3a0c,878.79645
0x3c06,934.54346
0x1aab,923.6815
0x4c43,581.3584
0x3aef,512.6001
0x4bae,706.9474
0x18b5,560.57275
0x39ce,1081.8423
0x3c7d,1046.2424
0x50ba,998.9309
0x2c06,574.20917
0x4ec9,757.2283
0x11d0,1050.8286
0x2a21,632.2615
0x13f0,844.7968
0x9a8,646.23206
0x24e3,618.1861
0x1c1d,806.9667
0x370b,883.88
0x4b61,634.2591
0x291c,934.07776
0x1768,1026.2822
0x4cc6,769.1306
0xdcb,991.83826
0x40dc,889.9245
0x2d01,714.9244
0x8da,781.26697
0x2a2f,547.0239
0x14f9,597.8449
0x2c70,692.05225
0x2016,811.1742
0x51e2,667.3126
0x1c98,815.0234
0x4de,823.8685
0x384b,660.6118
0x4c4,961.95123
0x3824,806.2251
0x4994,835.6492
0x2b20,923.1291
0x414f,532.0962
0x32d0,576.39886
0x1389,876.03186
0x4e47,913.80774
0x8f5,892.6707
0xf88,855.17267
0x29dd,1005.66797
0x4d16,722.35785
0x45a4,546.59576
0x340c,729.37195
0x4a28,835.7178
0x4503,699.5924
0x2da1,718.8186
0x151d,678.2019
0x4054,1031.7196
0x353b,810.78595
0x73c,811.18445
0x1be0,840.4947
0x209a,574.6798
0x49e8,595.82324
0x4bb7,718.35254
0x585,802.17645
0x3527,778.8705
0x4b54,1032.628
0x4aec,625.8556
0x4f12,654.4006
0x4a82,889.9647
0xd63,857.2302
0x4606,871.064
0x41b5,921.35065
0x408b,631.9935
0x1fd6,927.83466
0x3661,663.6354
0x1c1a,594.93555
0x3275,831.7555
0x1a2f,685.8862
0x3a7c,993.7346
0x7a8,582.06696
0x4d21,665.1821
0x226f,1027.4581
0x51d3,617.704
0x6d7,603.34955
0x17f9,647.6299
0x24ef,876.37067
0x1fbf,509.67563
0x5027,789.9329
0x1652,636.713
0x964,790.9031
0x43ab,953.3581
0x113b,948.28217
0x19de,540.27734
0x1d8b,681.8014
0x21d3,938.8852
0x4a4a,723.1816
0x1e33,667.23267
0x283d,848.26135
0xdc6,1038.3475
0x500f,967.58997
0x397d,732.2883
0x3fe6,567.3467
0x437a,859.92474
0x2981,1024.5332
0xdc7,600.413
0x3cd3,985.942
0x2e22,801.907
0x3e45,676.8296
0x1237,903.9408
0x3265,622.9897
0x1a56,1029.7366
0x2757,654.4242
0x11c8,751.7606
0x1eb5,496.94247
0x10ac,829.1007
0x4ba6,777.2192
0x5057,825.43823
0x730,906.46814
0x1e88,1055.6566
0x784,836.38275
0x4dca,1175.7261
0x1f78,980.1734
0x2d08,720.83954
0x1535,861.4833
0x5ac,970.63525
0x4d6a,1018.10077
0x2e54,1028.4567
0x157a,680.9912
0x235c,922.84204
0xdd9,583.6752
0x33b1,716.1919
0x1180,686.71234
0x602,1083.3694
0x2219,562.5488
0x3343,591.7632
0x48be,1097.3916
0x4ccf,793.3188
0x18f5,1001.7437
0x1017,903.9717
0x318b,788.2952
0x1cd7,798.7488
0x3969,717.9269
0x4627,548.1508
0x35f4,950.8009
0xdfe,1018.6828
0x50e9,911.65454
0x376a,614.24725
0x217e,640.0509
0x3891,571.2196
0x51af,986.6423
0x1f7b,699.3958
0x22cc,658.13574
0x164e,409.26443
0x3b51,587.80383
0x3fad,537.8279
0x2be5,1003.59753
0x4d4b,503.4422
0x2330,638.6003
0x2f99,751.2973
0x16d2,913.9279
0x469e,924.54565
0x3d68,546.37103
0x2338,782.80927
0x2374,769.6695
0x1416,589.721
0x50fd,790.06616
0x82d,679.23755
0x49f5,475.18063
0x267e,1019.5788
0x20dc,1023.2494
0x4120,433.59308
0x523,653.7493
0x4516,966.0403
0x35eb,1036.0375
0x5086,805.95245
0x955,628.65326
0x3d21,1027.6067
0x1abc,597.0051
0x3794,652.6103
0x35d9,868.6239
0x4beb,710.48566
0x31f4,762.5318
0x3642,712.703
0x3860,1084.277
0xe69,975.5766
0x4950,771.374
0x123e,666.8345
0x136e,763.89294
0x562,885.6807
0x1469,559.3764
0x124a,776.92
0x5d3,980.15607
0x3c40,680.61536
0x514e,742.7035
0xfd7,785.4691
0x21ca,731.10596
0x840,681.2825
0x373c,715.19904
0x1c7c,1057.6353
0x785,717.9194
0x2348,962.17334
0x4a96,729.3045
0x3c8c,808.73474
0x2763,533.89923
0x1d5b,629.8883
0x7e7,708.8749
0x336a,526.0597
0x1587,580.35333
0x2228,737.86127
0x1a8a,1075.3197
0x34c6,889.5925
0x485d,1016.31635
0x4f7c,938.1642
0x4e98,828.4037
0x461,527.0177
0x1b7b,558.687
0x24b2,449.65805
0x2c58,757.8892
0x2b78,775.12286
0x1106,825.4792
0x2309,746.66583
0x19c9,676.5205
0x2f60,833.21747
0x1415,791.4438
0x3242,1003.7113
0x2cd1,682.9746
0x2dd2,1003.2633
0x19df,969.519
0xc4d,562.27344
0x3a16,1177.949
0x376e,766.0065
0x13ee,777.677
0x4b2d,784.32184
0x1dcf,604.19214
0x30f5,805.2497
0x846,975.82605
0x131e,715.97034
0x2479,634.3067
0x49ce,716.6286
0x25e5,599.6158
0x1e51,981.87976
0x4cff,575.5979
0xdbf,644.49945
0x137c,452.7749
0xce5,715.84216
0x4c6a,980.5579
0x1f08,542.8901
0x19f0,842.8303
0x3360,568.44293
0xb54,566.5028
0xe79,541.60254
0x3c0f,793.57733
0x4f23,722.38074
0x1d39,756.20764
0x1b32,803.6703
0x1b85,876.7466
0x766,964.16064
0x7dc,1054.2002
0x2e7d,561.2673
0x1235,551.8059
0x5b9,808.9384
0x283e,758.7765
0xaee,777.7671
0x3bd9,479.495
0x17e4,1117.9388
0x1952,1008.788
0x1f8d,709.27527
0x2234,626.3796
0x865,898.676
0x1793,858.5401
0xdd6,881.74677
0x28c3,1074.251
0x2247,978.3838
0x4caa,500.79532
0x358b,859.6249
0x5122,706.3474
0x4cad,572.9449
0x2444,863.5332
0x10c3,753.64044
0x3e8f,1129.3762
0x32a6,770.3842
0x2511,827.7727
0x2d81,573.35645
0x29fb,871.3518
0x44a1,879.0239
0x292d,791.73425
0x2b1f,682.3656
0x1c22,805.01886
0xb6f,739.42584
0x4169,923.0663
0x1b8e,744.34656
0x14e4,925.1229
0x1f6a,738.7805
0xa7a,818.87354
0x491c,573.01227
0x3506,740.0561
0xb59,840.7081
0x2c7a,1047.7115
0x1019,693.5825
0x2dcf,1055.3395
0x4bee,795.2581
0x3672,893.20197
0x426e,968.16394
0x1bc5,606.4539
0x47b5,724.2137
0x2dac,614.0714
0x5202,1077.9579
0x339f,857.707
0x22c9,1003.47473
0x4dd9,923.13293
0x90a,747.7383
0x4e71,613.42554
0x2b21,948.6553
0xe04,663.27185
0x321f,546.9444
0x473a,747.4262
0x29d1,500.35748
0x4136,728.25433
0x1766,938.3165
0x2a75,807.73944
0x79d,673.54565
0x2c77,423.4781
0x19a1,639.4811
0x22a0,511.22614
0x4af7,1062.5842
0x335a,504.33167
0x32f5,921.43304
0x1304,623.48224
0x1f31,798.54474
0x1be3,569.9568
0x1fa7,718.1645
0x4187,586.9203
0x3599,972.7439
0x2e69,695.98944
0x19d1,895.81866
0x849,894.1407
0x4e2d,615.04126
0x40c6,626.2038
0x3abc,671.0607
0x29ad,809.48267
0x1074,951.98553
0x223b,695.89197
0x4db0,610.2439
0x359d,656.7365
0x3c33,834.9246
0x210d,553.4062
0x1676,1094.118
0x2749,804.7438
0x1018,966.7815
0x1868,460.6305
0x3b2b,751.11676
0x5061,971.09485
0x2d3f,675.01843
0x4d92,1024.2877
0x1bd3,1001.9934
0x4f44,713.449
0x75e,1290.1675
0x5116,696.83624
0x1dc1,604.90735
0x1239,612.90894
0xc3a,803.2666
0x4742,715.77026
0x2de1,805.183
0xb42,689.48804
0x14eb,623.1478
0x90d,702.5889
0x1c21,710.1316
0x279a,484.53867
0xca6,860.6858
0x2900,643.8369
0x1960,995.50446
0x39a3,877.2233
0x24ea,755.8649
0x25db,770.95557
0x3c21,846.2103
0x3725,778.2941
0x3ffa,1140.7317
0x3881,1096.547
0x516d,959.13824
0x3f40,841.537
0x4d73,895.1464
0x51ff,659.1398
0x3e15,805.35535
0x2aac,984.8686
0xd4f,860.4362
0x1c8a,922.23517
0x1ce4,918.16583
0x2055,581.037
0x2b9d,782.66583
0x3ff9,575.4468
0x4dbb,496.9498
0x4d91,994.7234
0x2955,839.5823
0x1eb2,790.9601
0x63b,608.43536
0x4e23,820.675
0x4ea6,791.3078
0x14fd,528.55457
0x2694,813.921
0x45ea,568.2711
0x2dec,637.57196
0x42a0,1136.6477
0x3125,537.52594
0x3ebf,630.65674
0x5004,653.6665
0x1ba4,980.716
0x1b59,777.3571
0x22f9,564.16895
0xac4,889.86285
0x11bc,767.6125
0x4c1c,813.94434
0x18f2,983.9572
0x4e69,851.49524
0x3393,544.8044
0x169a,857.35583
0x39ee,990.31824
0x468e,662.8107
0x2313,962.9958
0x1ce7,722.02234
0x3e29,918.8937
0xc76,988.4863
0x1484,727.8581
0x453f,745.5155
0x3719,463.39316
0x23a5,699.0987
0x3110,816.0704
0x38f9,558.92
0x50b9,960.4838
0x2e58,1097.2063
0x3a07,705.7528
0x579,725.5474
0x1e03,911.6077
0x421d,687.4455
0x1631,626.7007
0x4a1d,727.585
0xfa0,777.1198
0x3f7,679.43665
0x283c,675.5115
0x2ae0,777.5403
0x3c52,766.5383
0x3b45,533.48236
0x141e,877.6102
0x1ca0,772.7258
0x15b0,524.7799
0x15c5,890.5322
0x1912,670.388
0x3653,634.1844
0x51a5,784.5357
0x2b1a,672.92645
0x43f5,789.15924
0x3dd7,976.9949
0x20a2,612.7433
0x16d1,861.224
0xba0,541.0424
0x2b52,800.15924
0x136d,742.5009
0x425b,516.5986
0x44b6,771.68164
0x4868,709.7654
0x2a34,498.7189
0x33ba,764.7302
0x4517,939.2016
0x1a5a,779.4101
0x361b,656.38995
0xd0c,508.2201
0x1206,731.4938
0xe19,805.9382
0x3f04,673.79785
0x37d1,746.7346
0x1947,963.1413
0x4449,841.5274
0x4995,806.5369
0x124d,788.4406
0x41f0,904.1168
0x12da,732.9732
0x8b0,762.22266
0xbb0,853.9169
0x1678,715.4871
0xd29,961.9667
0x1192,992.47705
0x1c27,951.4759
0x1c84,1071.4614
0x51b7,693.5866
0x4c02,675.61725
0x29c6,875.48596
0x46f3,621.8119
0x7aa,637.63605
0x1a8c,789.91626
0x4714,719.85205
0x314a,612.0611
0x446c,771.08057
0x442a,711.86755
0x32e8,632.7684
0x17a5,1154.3184
0x3f71,641.57043
0x7d8,566.4675
0x144f,883.34766
0x1818,614.8869
0x44b4,1028.1726
0xde8,763.95123
0xbac,609.32074
0x25ba,1300.4152
0xa9b,574.4982
0x4987,944.4793
0x3898,674.77893
0x19b3,649.0425
0x370f,868.51587
0x1aec,575.0943
0x3855,1002.5191
0x3fbb,824.7884
0x36df,543.0415
0x1b46,677.8533
0x4ea0,949.6636
0x3c7c,705.7326
0x1791,735.5125
0x461a,843.02826
0x466b,686.1144
0x4ac9,911.36145
0xcbf,914.996
0x423f,554.6241
0x394f,628.9921
0x2670,667.7976
0x4ba8,666.1139
0x2712,542.0657
0x169d,542.25653
0xaad,611.56213
0x3760,937.9261
0x51ec,644.1361
0x3c2a,716.42523
0x25a1,1028.5282
0x4383,549.9452
0x2bbf,450.32092
0x387d,698.7487
0xe4b,715.7173
0x326f,836.9022
0x10e8,512.4715
0x1cad,860.18164
0x490,915.1754
0x3ea3,633.1361
0x4f3e,851.485
0xe51,719.12445
0x767,995.7819
0x2538,606.3895
0x11d3,452.45514
0x33b2,863.17523
0x2eb2,697.9014
0x887,953.4175
0x8ad,548.24384
0x2c34,570.23444
0x3a41,907.5007
0x3978,474.3486
0x67b,988.3562
0x2d34,787.0767
0xb5c,989.1118
0x4396,713.36523
0x85e,979.0066
0x24d8,705.90607
0x13ab,683.2082
0x2429,588.0188
0x2390,909.6087
0x5ab,835.4034
0xdd7,635.0342
0x2977,575.20386
0x31dd,612.652
0x1d08,528.2993
0x2991,558.29663
0x3ac7,875.4375
0x2602,838.8272
0x3c25,823.885
0x424f,805.4299
0x3767,726.7729
0xcfa,783.90515
0x3929,636.63873
0x4879,803.92834
0x4799,533.6449
0x325b,661.8221
0x3434,868.3443
0xe8f,610.9863
0x4d5f,778.6122
0x18f7,556.9555
0x4fbf,693.2333
0x4a11,896.1852
0x1422,733.6597
0x507d,719.44495
0x44e1,822.9396
0x459d,903.0149
0x2fe3,687.29865
0x38d1,520.7271
0x3ef6,854.42395
0x1647,720.5685
0x3cfa,902.43823
0x41f6,969.3426
0x28b4,703.8654
0x2fdd,861.6105
0xcef,906.1432
0x2e25,796.70856
0x24b5,984.1511
0x4245,633.24396
0x3cfe,976.74194
0xf72,537.2286
0x26d0,755.524
0x8d6,596.61676
0x3ba5,691.8316
0xd3e,759.60675
0x4aca,1114.1707
0x6c1,1055.7291
0x46c5,910.05676
0x2bfb,923.14136
0x3259,564.73254
0x4cef,1063.6155
0x4452,737.30164
0xe14,601.7628
0x346e,927.699
0x3612,856.2304
0x4da5,753.90094
0xe22,724.54877
0x3a4f,869.19073
0x52f,542.8219
0x2797,789.48285
0x3c66,703.1107
0x3453,623.2422
0xc60,773.56366
0xcaf,710.0593
0x2cfd,1149.7433
0x48fe,599.0767
0x67c,928.46295
0x1ae8,660.44867
0x3f92,826.7792
0x4fcc,730.1294
0x4137,866.132
0x44aa,615.8564
0x5157,683.1566
0xd2f,809.5502
0x2a45,1085.4436
0x2785,588.30676
0x18a6,774.2573
0x47e0,679.4186
0x47c4,533.7448
0x35d0,940.08716
0x24ec,474.52383
0xace,707.74774
0x2181,613.6925
0x168e,874.5077
0x3371,915.31165
0x747,968.3432
0x3ab2,667.43005
0x40b4,879.4387
0x41be,1059.8273
0x1fc8,997.02734
0x33d6,472.23596
0x4344,840.0207
0x4251,459.79666
0x541,387.37762
0x263b,860.84454
0x3997,540.90826
0x41c2,897.34204
0xc62,644.7151
0xaae,867.4162
0x714,877.079
0x5055,690.9402
0x664,739.0506
0x51ca,533.16113
0x3d84,869.4888
0x3173,873.2803
0x4e44,825.07983
0x288e,591.0089
0x4c91,816.23615
0x2142,752.38495
0x1c12,744.41113
0x290a,759.832
0x45b5,815.0176
0x4f2e,1009.34766
0x2e10,820.71216
0x4f0c,633.52313
0x2733,877.77014
0x1b6b,814.452
0x16df,514.5047
0x17bc,787.7961
0x248f,525.3208
0x4e2b,869.2539
0x4133,893.3326
0x838,785.0293
0x122f,791.5663
0x4442,782.95404
0x5ea,636.2591
0x482,979.4674
0x16b8,715.0897
0xfc7,829.25903
0x175e,472.1979
0x4998,1031.7573
0x3d8e,958.5227
0x41bc,635.82196
0x340e,546.7836
0x2708,794.84015
0x48f4,620.7239
0x4f01,1119.1329
0x3623,503.8383
0x19d3,684.48114
0x2224,688.36505
0x4fd,763.9721
0x3830,880.6068
0x3ae6,702.093
0x31f0,607.0429
0x4758,659.75385
0x4ed0,833.76917
0x49e4,556.19965
0xbc4,737.80963
0x647,882.50616
0xee6,697.1874
0x4961,679.82227
0x3901,1237.4658
0x4edd,859.0345
0x2db1,935.64044
0x668,649.3125
0x3efd,490.82947
0x476b,928.93756
0x36b8,600.51483
0xb47,515.6098
0x4015,842.2714
0x3fd8,766.17804
0x3594,848.9954
0x21ed,791.1724
0x1893,884.25433
0x27c5,649.8678
0x3e7f,548.37604
0x2f4e,877.4067
0x2d99,421.57025
0x40d1,524.1
0x5196,851.7047
0x5ff,564.1347
0x3b88,953.9102
0x2137,784.1379
0x4a4f,814.5946
0x3da0,630.3435
0x3b0b,1019.80304
0x4d9,1037.3156
0x339c,385.8966
0x1d12,1031.6091
0x5127,857.47644
0x2635,545.18024
0x38c8,725.7569
0x8e0,668.56116
0x375b,800.8162
0x33f6,962.9363
0x3e7b,845.2602
0x3a77,741.00867
0x24aa,714.66315
0x2f02,775.70605
0x3287,769.15405
0x2c60,695.8064
0x2d5c,645.1537
0x194e,984.50555
0x3e40,621.865
0x879,720.4372
0xdb5,581.9031
0x262f,1057.63
0x2f65,888.18365
0x40c3,842.61115
0x1ccf,523.1974
0x2ac7,765.3882
0xcf4,906.2125
0x31dc,862.92334
0x37df,1075.3403
0x251a,833.02277
0x1704,807.0328
0x19bd,561.17957
0x4b4e,815.57654
0x83c,782.8399
0x3a72,715.5917
0x18c9,692.9448
0x85d,798.9072
0x2197,1085.8339
0x3b3d,899.51
0x168f,828.5253
0x43f3,777.0344
0x42dc,633.7451
0x34e8,1016.4363
0x20c9,1005.88165
0x3354,873.6175
0x4fd0,1111.3167
0x4f2c,979.6613
0x942,606.9232
0x34c8,1092.5615
0x2a38,840.57825
0xd51,703.94104
0x447b,628.1116
0x3e6e,558.9098
0x458e,573.22974
0x2c04,1010.9961
0x2409,931.7956
0x434f,771.84045
0x460d,554.9367
0x4c51,602.9185
0x44c8,988.7392
0x4aeb,902.13153
0x2e5a,593.9655
0x3db9,1005.48456
0x11d9,594.36285
0x24fc,919.58325
0x3322,913.6423
0x2f6e,971.3766
0x731,689.0707
0xcc0,1053.7759
0x3b80,786.25525
0x1b02,662.22455
0x44ef,622.8101
0x587,434.30103
0x35cd,771.0382
0x1ae0,855.8972
0xc2b,1034.6688
0x9a4,696.3875
0x373d,711.81866
0x3e9e,883.8757
0x511d,681.15027
0x4507,796.53107
0x1345,445.51294
0x1271,805.16956
0x4f36,758.275
0x1c2d,1067.9397
0x10b0,469.70605
0x4a10,612.7705
0x166a,671.992
0x4743,824.539
0x4857,508.3421
0x2545,574.81384
0x30de,1114.5734
0x3029,810.7088
0x1544,965.6318
0x2525,777.2669
0x1650,540.2845
0x2359,550.8227
0x49f3,920.1961
0xd26,842.96515
0x3d76,928.9786
0x2cfc,616.9537
0x4fb3,610.54266
0x2111,967.232
0x28f7,714.95795
0x10be,609.15063
0x2321,631.21173
0x2970,693.0401
0x1aa0,719.14557
0x4d18,562.349
0xfb5,729.89343
0x2986,568.80475
0x979,561.6747
0x3936,1235.1906
0x4ee8,627.5347
0x31d1,937.4991
0x540,604.0868
0xa4f,702.6782
0x4a7b,896.0637
0x4549,495.93494
0x485f,851.54834
0x28fa,772.5106
0x4734,1046.4465
0x4162,670.6798
0x29fd,677.8147
0x2108,576.9496
0x36e3,928.9514
0x22e0,494.71762
0x1344,719.0464
0x72f,776.9768
0x1fca,806.8692
0x31ac,579.90607
0xa3f,663.24054
0x5028,791.3508
0x7a4,685.47284
0x4e3f,530.0715
0x2dab,581.43365
0x1849,1049.5952
0x176f,732.89386
0xcb2,684.0762
0x155a,646.6671
0x3f68,640.74133
0x48f5,719.09375
0x2c53,479.57922
0x4ff3,884.1947
0x2e82,676.8572
0x1bc2,576.9357
0x4cc3,1050.7527
0x8a7,1187.3743
0x2543,643.14557
0x213f,768.8681
0x1375,639.58673
0x3f6c,649.2483
0x5133,816.90063
0x5113,728.4574
0x1894,564.65015
0x4c62,764.1876
0x30c6,1055.0343
0x1939,612.5317
0x1749,1043.8081
0x402f,978.4619
0x439,756.62115
0x22da,1037.2477
0x437b,559.9085
0x11a1,878.83344
0x3d67,546.8506
0xdc8,504.85214
0x3b34,1085.5502
0xc84,502.52017
0x1be6,1049.5597
0x2281,815.7475
0x5d0,652.7784
0x2996,615.50433
0x29ee,1021.4115
0x111e,835.7546
0x245c,853.41205
0x4151,898.7868
0x17e0,770.259
0x4dc4,717.68195
0x4064,897.8231
0x4241,653.46875
0x50bb,804.85376
0x4a3a,498.1744
0x1a6d,969.81146
0x49b,576.5365
0x34ac,642.43756
0x30ae,884.2018
0x8f3,646.6313
0x2487,787.5428
0x217a,761.2513
0x378d,867.2458
0x1a6b,703.8955
0x17d8,891.87805
0x497e,839.3396
0x4161,598.26135
0x5de,528.8749
0xbfc,901.1537
0x4eb1,697.1681
0x70c,1002.55493
0x3467,1002.2451
0x12cd,640.3317
0x14b2,940.1427
0x1ccd,1042.2561
0x2074,914.9645
0x7e5,906.5169
0x170a,704.2325
0x4a7e,1085.2823
0x3535,874.18494
0x30e8,691.5384
0x503,793.85693
0x6a1,577.2779
0xb98,839.08984
0x505f,832.0274
0x3c50,702.98157
0x2349,660.587
0xb6e,746.702
0x3437,906.6513
0x9c7,977.47644
0x459b,760.0527
0x4482,1095.8015
0x3174,848.59283
0x320d,720.1311
0x1131,594.7027
0x278d,703.0581
0xa41,756.07043
0x44a3,766.7795
0x1747,694.1304
0x1289,939.03235
0x51dc,829.1969
0x2449,848.2682
0x5e6,697.1369
0x6bc,605.0284
0xe20,731.93884
0x3c07,717.81885
0x2650,783.9979
0x25f3,806.5029
0x3f3d,754.7141
0x269d,519.0881
0x6d4,794.57166
0x11f4,833.46155
0x4b4c,631.0361
0x2109,596.21075
0xb9b,741.33923
0x1fe6,934.91364
0x3d14,1028.8949
0x25a2,1089.0577
0x4ade,783.8769
0x3d5a,933.8557
0x41ee,756.0867
0x1970,821.34
0x3c7a,983.7923
0x4c3e,575.7838
0x14af,1050.4943
0x4bf0,540.4634
0x21df,703.21594
0x377f,952.8026
0x2ccf,584.9623
0x268e,648.65106
0x4502,684.45325
0x10b9,684.53766
0x1a9c,599.9747
0x253d,679.2207
0x30ef,781.0048
0x23fc,464.06976
0x43f1,582.56915
0x4e1c,944.64526
0x44c0,1094.569
0x41bf,552.4425
0x173d,954.8484
0x41d4,472.47208
0x2c7c,545.8032
0x30e6,587.48956
0x476,558.62354
0x1a96,969.624
0x4dbc,713.3701
0x36eb,721.4385
0x442b,695.7068
0x1f88,630.8339
0x4f7e,793.3886
0x3422,917.398
0x3981,655.07086
0x3018,664.48865
0x17af,454.6119
0x822,781.42224
0x3c80,1006.04395
0x380d,1020.1462
0x3529,1224.9215
0x2cdb,506.9468
0xd83,756.90186
0x22c6,697.42865
0x4354,844.4902
0xef3,595.022
0x30dc,460.72318
0x4140,793.245
0x4f3,666.4495
0x1d9a,1042.3326
0x2d61,817.28406
0x42d5,458.7636
0x1d80,746.0916
0x40f2,942.61304
0x2d21,442.75558
0x4657,849.2435
0x217d,656.45026
0x4990,927.2267
0xa33,901.8329
0x179e,712.0668
0x3009,663.2569
0x5062,783.64716
0x2669,624.48206
0x40c7,733.9882
0x214c,662.5118
0x1548,767.96704
0x32f9,1150.9028
0x2e97,564.35297
0x214d,1078.0452
0x257b,749.89514
0x5014,740.0964
0x4ee7,531.2817
0x1bfc,1040.5063
0x3714,614.16034
0x2c82,811.49243
0xc7e,860.1091
0x2bf8,622.34766
0x2127,718.81946
0x18e3,695.7294
0x159b,575.2402
0x138b,705.8484
0xb7e,522.85455
0x3a45,601.5918
0x15ea,1023.01355
0x534,998.23376
0x14fa,819.15186
0x50e1,890.4587
0x4a0f,793.113
0x1a1e,1163.6879
0x33af,847.9022
0x36e9,999.2731
0x181f,856.9054
0x2a50,907.2422
0x14da,790.6704
0x1e4b,716.29443
0x4dba,411.57254
0x121d,823.1224
0x40d3,787.1178
0x3d2f,857.1032
0x5bb,860.2608
0x154f,539.48834
0x18d5,834.94836
0x2fa1,901.8854
0x3aa0,807.93494
0x243d,887.809
0x1f96,688.80725
0x1973,444.9172
0x2791,812.61615
0x2cc0,526.7702
0x13d3,546.61273
0x5153,782.81903
0x44de,566.8372
0x480e,866.7185
0xa28,752.17737
0x2f5d,846.6759
0x58b,771.03845
0x4b8d,764.87964
0x13d5,619.0614
0x26dc,925.89014
0x329e,763.69165
0xa52,669.72815
0x1012,675.00854
0x4e32,901.913
0x2206,938.21704
0x1af2,794.9613
0x3292,626.29596
0x393b,706.61304
0x262c,777.64215
0x4f4b,604.47845
0x50e5,543.02295
0x2e9d,804.3055
0x470c,1072.7899
0x2fbb,675.18933
0x4aab,1000.4543
0x267c,807.94824
0x3d0c,722.08405
0x1aed,792.54626
0xf69,926.544
0x3ae7,786.4248
0x1d89,1124.2527
0x4f26,544.66187
0x1e3f,701.9077
0x30aa,847.116
0xd2e,948.2778
0x438f,903.24963
0x3974,651.0699
0x2f9a,1173.4323
0x1b84,878.59186
0x500d,851.86957
0x4b2e,1118.6433
0xc40,657.25867
0xf9f,606.7026
0xddf,892.6535
0x12d9,835.0229
0x3892,654.16315
0x2a1a,569.0408
0x19d7,534.72095
0x4844,710.8947
0x5c4,649.5575
0x1e53,691.64215
0x38a9,627.1327
0x4f5f,510.25763
0x349e,957.72845
0x3486,713.2508
0x4c0e,1168.3964
0x1c3e,1195.7893
0x1ae3,1005.7178
0x3a6e,792.06995
0x1cdb,791.061
0x3167,790.58844
0x228a,678.10614
0x31c3,502.4832
0x49fa,814.55475
0x3a0b,1033.7932
0x42ac,690.44604
0x49df,613.84845
0x32d2,769.2925
0x369c,735.0526
0x4e92,1029.007
0x3051,855.57886
0xb7f,948.7093
0x30cb,762.3348
0x2cae,807.99866
0x270d,470.0637
0x332e,892.4769
0x1ed3,956.88165
0x347a,1166.862
0x19db,947.3549
0x4299,549.20325
0x4b6f,639.9548
0x4a49,812.97424
0x3736,1166.9222
0x1586,821.972
0x4d46,605.59314
0x2e03,906.1146
0x13dd,740.28406
0x1764,895.72534
0x2f1f,1087.0306
0x3daf,821.944
0x3eb1,767.4375
0x48b,516.3642
0x4732,571.9448
0x4533,1059.505
0x2969,823.69556
0x1b1c,582.6512
0x3ff,904.2358
0x2cfb,929.69257
0x5199,816.89264
0x1812,670.82184
0x6a6,833.1596
0xa3e,764.2828
0x21a8,738.9351
0x1ffb,709.3459
0x196b,1109.3239
0x4548,542.6799
0x1f83,856.5295
0x2549,743.15295
0x3609,761.0807
0x15cd,1091.9329
0x2765,646.5952
0x3224,558.309
0x3317,883.8986
0xcc8,685.15704
0xb64,716.3197
0x465a,836.8946
0x2483,666.48816
0x17f4,648.5983
0x5e5,1043.322
0x3c1e,514.044
0x4d75,1063.055
0x4a64,963.75476
0x2736,997.6879
0x1e46,535.927
0x4534,1038.6235
0x338a,933.9957
0x1717,828.599
0x2f37,618.3461
0x3a35,647.61926
0x118e,589.0922
0xe86,664.22974
0x6f4,918.2412
0x2135,510.12723
0x3ee0,892.575
0x3806,726.31134
0x4046,647.45325
0x2f21,551.8528
0x1dc3,978.5253
0x1bb1,647.3369
0x2af8,587.0651
0x1bdb,958.1518
0x221e,935.9993
0x3293,1042.0662
0x2693,1119.789
0x3802,482.14856
0x447f,1002.0796
0x4706,911.6874
0x31d5,983.64246
0x15ed,727.0708
0xf6a,702.376
0x21e0,995.13544
0x42ad,819.52374
0x2858,1034.1823
0x3cce,781.67694
0x1737,875.364
0x4d2f,922.89935
0x322d,555.8307
0x23c6,590.2436
0x259a,1222.569
0x32bc,917.68304
0x46d0,710.65265
0x4bd3,963.25494
0x4e29,544.0497
0x2271,893.0801
0x1411,1029.074
0x4dce,692.4423
0x4e35,789.3088
0x11c3,942.50916
0x3f42,888.6163
0x2701,654.2672
0x2468,888.20624
0x46e2,900.76636
0x1da6,1011.729
0x234c,719.5215
0x4db4,738.8813
0x2b98,665.91235
0x4748,906.23303
0x14b9,520.28156
0x3f66,736.73035
0x31ed,899.8269
0x2003,552.3081
0x56f,873.8655
0x21fd,912.113
0x3890,766.5283
0x3e09,828.2178
0x23a4,892.3621
0x46f,646.6606
0x3975,908.0036
0x3b8c,635.3162
0x2242,623.5669
0x59d,450.6671
0x206f,478.77985
0xcb9,692.3999
0xc0e,650.1333
0x1ee6,646.98816
0x36ee,756.0739
0x4745,884.8882
0x23bc,644.3277
0x3274,480.49875
0x50e8,808.01526
0x4804,607.4959
0x91c,386.57516
0x445e,830.22156
0x4a24,961.1017
0x146d,656.95966
0x1bff,677.5605
0x4202,853.0033
0x98c,680.909
0x23ed,690.7617
0x913,853.58673
0x2491,745.36096
0x29e4,608.711
0x214e,817.10187
0x48cc,1022.1045
0x551,789.8029
0x20be,595.18286
0x2023,754.0358
0x27df,787.6847
0xcc2,530.20764
0x4568,565.7013
0x3c38,921.03015
0x386c,853.1552
0x49cf,845.91064
0x2ab8,683.29333
0x1212,565.5481
0x2212,1107.662
0x6c9,981.82245
0x1ed4,1061.8613
0x2a76,1022.77313
0x37ca,829.0811
0x15b2,873.25037
0x4a1f,681.3774
0x3bf6,674.57245
0x2446,845.5799
0x1f4b,870.2467
0x2df0,857.1691
0x38bd,661.8747
0x4ad1,612.58234
0xece,435.18176
0x4860,705.64655
0x3538,975.518
0x3c8e,798.1863
0x34e7,744.09357
0x3875,1077.6438
0x355c,532.1096
0x6d6,695.5462
0x3248,836.0363
0x324e,696.33057
0xdcf,794.9653
0x4359,510.0638
0x211b,524.86597
0x4725,491.50156
0x3005,870.82697
0x2b27,543.7936
0x85f,922.1259
0x11cb,788.2385
0x407c,541.89087
0x42bf,785.5372
0x391b,860.5693
0x3e39,766.4302
0x35d4,1066.049
0x978,555.8441
0x2b8e,808.00653
0x3b00,716.9972
0x10c5,892.5541
0xcac,892.1966
0x4594,879.01324
0x29ae,476.435
0x1ac4,566.4413
0x2d3b,1006.08246
0x1af9,1025.2832
0x2073,675.7359
0x1114,951.9112
0x62a,741.47034
0x48bc,398.79013
0x9c4,473.90872
0x4bcc,810.1292
0x507a,832.4997
0x260d,681.1101
0x782,941.005
0x479f,766.6153
0x4668,776.19385
0x4062,680.0324
0x2191,933.71515
0x18c6,563.93274
0x40ee,707.9192
0x3f86,596.7034
0x3327,650.79016
0x1c43,699.6975
0x2fee,566.5804
0x2357,706.8781
0x4dd5,797.6132
0x389b,1255.0884
0x50c4,849.7957
0x265c,819.1141
0x15ab,518.14844
0x1f80,744.34204
0x3f2f,641.55347
0x400a,975.49603
0x4c7,811.48035
0x2f32,946.10236
0x50e3,823.1902
0x63d,771.2432
0x1a4a,905.3881
0x4b89,620.4887
0x332a,706.8421
0x345a,866.0908
0x1ca7,685.6406
0x2c28,592.34406
0x3058,558.1787
0x41c0,832.7288
0x335d,799.4601
0x20f8,570.50916
0x2739,666.67773
0x33a8,773.4959
0x15a0,674.6363
0x1e16,697.7624
0x2ea6,676.3842
0x3f2e,960.48785
0xa59,617.61017
0x48d2,713.5573
0x3710,433.622
0x1f09,994.1065
0x4ef,905.7949
0x301f,559.68756
0x3ed3,511.1013
0x4d4d,698.4666
0x4d7c,819.42413
0x1f59,715.0007
0x530,804.59973
0x11f7,861.3429
0x1f32,664.9942
0x4bd,508.22614
0x4e5a,502.24557
0x29a1,983.2655
0x2076,620.2626
0x4c3a,603.10614
0x510e,820.34924
0x1c4e,1058.6647
0x3b8f,546.8262
0x226d,688.4246
0xa14,898.18616
0x34cd,787.11206
0x5b5,1002.1804
0x4770,743.8855
0x1d47,742.3532
0x49c9,529.1916
0x4e67,905.4112
0xaf3,1049.2218
0x2e08,1082.9156
0x4680,871.1824
0x4083,820.7757
0x2cb5,537.99896
0x4219,984.1413
0x48f1,868.7951
0x517b,947.42865
0x514c,586.5335
0x2b6a,757.5271
0x38cb,813.25024
0x3ceb,887.6641
0x51ce,879.3896
0x4ea9,1026.9949
0x12fc,741.16095
0x46af,728.7597
0x2c03,786.3565
0x73d,658.96735
0x29f3,634.4265
0x2381,887.5192
0x42ef,605.4297
0x1fad,690.55347
0x39ae,1114.7611
0x379e,951.26733
0x5fa,1074.0865
0x3b8b,559.10803
0x3ce1,842.9884
0x5093,756.6393
0x302b,1000.11066
0x524,785.73083
0x446b,542.7717
0x2bec,948.5677
0x77d,999.188
0xd76,743.0962
0x4cf,534.4183
0x1058,800.8658
0x25e4,1222.4507
0x2428,666.2287
0x3439,638.8218
0x2210,939.08386
0x47ed,708.69073
0x2269,642.8342
0xf2b,930.987
0x1204,709.18005
0x4306,546.9096
0x245a,982.37744
0x1a6e,821.3893
0x2add,671.8191
0xbd7,887.46094
0x1449,629.9692
0x2086,815.6486
0x9ee,1017.76624
0x1e35,836.6554
0x434a,667.316
0x24fe,761.1987
0x5179,932.3509
0xc75,787.828
0x134b,590.4952
0x2a55,1098.7177
0x3c6f,681.0937
0x4262,680.2228
0x1522,663.80005
0x395f,560.0984
0x2325,880.69855
0x2ec2,974.02905
0x28aa,826.97363
0x2024,690.6019
0x3048,506.40244
0x2f5a,981.8821
0x2daf,696.2201
0x1746,588.23047
0xef9,804.8107
0x4a5e,562.55225
0x2f98,428.6122
0x391a,606.2801
0x19b0,628.9986
0x4ff7,693.32996
0x1711,720.65393
0x1275,444.0348
0x34ae,1234.599
0x42f,578.50757
0x19ec,910.20386
0x4167,917.12787
0x32d7,783.8359
0x2673,806.70514
0x423c,702.8603
0x4365,624.0792
0x263c,962.35425
0x3585,485.40472
0x4f75,757.4188
0x4150,1165.683
0x1dc8,649.13324
0x1d42,666.7133
0x19e2,779.51764
0xd8d,732.94617
0x4e4d,739.1944
0x2558,830.15796
0x4022,793.49994
0xbe1,801.93787
0x3c4b,606.4132
0x4aa,575.1473
0x3bad,709.00256
0x3a1e,853.5301
0x3aaf,595.7837
0xb89,1023.68195
0x27d6,880.9806
0x2565,640.7441
0x458f,812.78235
0x2d63,890.89325
0x2a30,773.2252
0x3a47,875.8098
0x31ff,987.91144
0x1004,978.8696
0x4be3,854.0614
0x21be,802.60016
0x4a60,865.9516
0x2851,1259.5625
0x2007,683.78827
0x5102,946.2244
0x1b25,767.0685
0x108c,821.4845
0x23d5,781.0204
0x1c31,920.084
0x1914,944.7549
0x1aaa,1175.107
0xccf,655.1665
0x2be6,749.87823
0x4efa,621.2031
0x2616,805.7233
0xdda,606.5786
0x3c5c,954.2806
0x4326,714.2761
0x4421,687.9861
0x3d4b,589.7378
0x1e2a,1303.9324
0x3ecc,781.01263
0x4b0c,1104.5088
0x43fd,581.4559
0x4677,771.9459
0x50ae,855.24817
0x32bb,806.65497
0x2df6,651.1552
0x16c6,569.95294
0x35ec,605.5504
0x699,748.48254
0x3874,786.1623
0x4d1c,460.64102
0x263f,900.07214
0x4a5a,633.3343
0x31cf,693.16486
0x1559,975.08765
0x1393,927.86365
0x2e8f,631.56586
0xfd6,953.51556
0x34d2,964.8588
0x132f,771.2097
0x1294,717.9448
0x2ab4,544.7235
0x302c,665.8678
0x172d,965.7107
0x3373,658.69244
0x2cb3,903.80005
0x876,816.2232
0x3fed,710.8064
0x43ca,685.2313
0x3102,679.00494
0x3f3c,1040.2373
0x4aea,843.7732
0xb41,928.7999
0x450f,982.70483
0x48a2,994.47876
0x3fda,980.21155
0xa8d,835.5895
0x33d0,838.2434
0x621,766.15204
0x1c41,641.05066
0x1596,713.2467
0x4063,940.4935
0x4a91,608.0213
0x2552,516.99567
0x38b0,626.1708
0x29a9,925.11255
0x3775,801.4944
0x3457,692.3396
0x1e7b,723.76984
0x49a8,649.69617
0x4343,751.95337
0x261d,983.0735
0x355b,670.27545
0x1e3a,998.72485
0x4291,887.1391
0x8e2,613.6614
0x38bb,861.3395
0xdc5,1103.2416
0x3a8d,737.0936
0x107f,623.11646
0x32cd,796.0306
0x490f,436.59366
0x2ba4,948.3956
0x25bf,774.80835
0x175a,1080.3306
0xa8b,852.161
0x895,654.2599
0x4782,817.34375
0x4cb1,657.26733
0x48f9,951.30975
0x3b4e,941.4115
0x3de5,450.91183
0x2bb4,658.8918
0x46b0,485.9706
0x38d6,721.0429
0x1c82,514.5842
0x2e1c,405.3246
0x50ca,838.8403
0x334a,641.5761
0x12f7,766.4687
0x1178,977.6652
0x19a6,1161.1766
0xf3c,876.2223
0x2bdf,907.82465
0x3c2e,792.90497
0x4387,520.2963
0x1753,521.32587
0x2340,435.7894
0x22af,638.18304
0xe52,917.38385
0x1faa,864.44867
0x3b59,662.9726
0x2967,911.31323
0x1cc9,973.06586
0x1265,1151.2296
0xef8,723.5454
0x15c6,1113.8422
0x8f0,574.671
0xb20,905.99255
0x3c4c,806.37555
0x2488,607.7144
0x2ef8,864.5418
0x448b,933.65375
0xa5c,862.1512
0x23b4,627.51086
0x3dd2,448.79953
0x1d6e,772.4015
0x161b,970.4049
0x2776,637.62854
0x376f,963.091
0x61c,865.4134
0x3f9,936.9159
0xa74,878.64246
0x20d9,974.81287
0x313a,915.67224
0x2513,941.53485
0x727,733.0968
0xab3,835.3121
0x4767,523.913
0x4aa3,1005.9816
0x3363,579.10754
0x4e46,726.777
0x32e6,823.97656
0x2fd6,737.1932
0x1c69,646.0243
0x2171,1032.5392
0x5fe,634.1597
0x2ffd,712.7672
0x196c,959.904
0x4acf,588.2531
0x4256,876.1052
0x3c81,892.8769
0x1d1d,510.9126
0x10e7,775.2447
0x5f9,879.1667
0x335e,971.6071
0x2fdc,717.8021
0x5126,747.1925
0x439d,996.02264
0x4c1b,785.69006
0x44b1,693.2318
0x38dd,901.8065
0x318e,423.28516
0x1c55,744.7724
0x1023,759.75854
0x38e1,689.62274
0x4e38,501.37103
0x4f5b,664.0279
0x38f2,758.7831
0x2f41,711.3615
0x43a5,1140.9613
0x2e5b,914.26794
0x4c9f,939.355
0x50d1,579.97906
0x31be,563.60455
0xa49,743.34436
0xdf3,949.57904
0x6a4,692.5146
0x4c4c,571.91473
0x206a,814.23413
0x595,738.7745
0x61e,691.67267
0x2aa7,556.483
0x1247,699.6307
0x1bb7,653.23944
0x1867,825.85406
0x39d2,653.3065
0x4fba,865.75525
0x2f90,1024.7717
0x1a0a,741.2114
0x188e,647.2726
0x1c30,871.3446
0x3318,527.8428
0x2eb5,1083.2086
0x3bcc,844.35065
0x2b9a,952.11285
0x405e,902.3841
0x2a62,609.7343
0x529,741.6526
0x1d55,776.94257
0x3cab,708.1074
0x2d19,805.7733
0x1ddb,573.34045
0x2329,966.6656
0x3ca4,932.0442
0xd75,791.43896
0x1ec3,451.75153
0x17cc,1031.7458
0x2353,605.19696
0x65c,576.97675
0x4a75,607.6512
0x4494,868.34344
0x4916,803.2267
0x150b,757.208
0x1f19,973.16473
0x355d,778.25073
0xe15,857.9281
0x3344,561.8844
0x4d0b,842.21356
0x4934,572.628
0x385d,624.38947
0x51b,603.47815
0x160a,951.8561
0x36b7,1053.3717
0x3f8d,771.4295
0x46fd,1076.1617
0x40d7,532.3446
0x2e81,972.8674
0x3712,904.1777
0x1bba,720.9857
0x4a6f,677.97266
0x3727,1299.5107
0x8fd,708.0235
0x2306,563.1738
0x3fa9,656.094
0x2ba2,445.4283
0x3bdc,799.69116
0x4bfd,597.0398
0x3572,764.53033
0x2f49,507.1606
0x95c,1137.1478
0x3b82,922.83405
0x1e89,470.75998
0x503b,983.63104
0x4147,656.10565
0x2532,832.2909
0x32ea,1003.3413
0x5c6,755.74194
0x3e44,965.7731
0x1b3b,879.0301
0x762,667.32837
0x6dd,783.508
0xdf1,728.093
0x39c2,736.4449
0x1e1d,936.2428
0x79c,828.7257
0x1b8d,903.5642
0x12ac,552.2118
0x2d6b,658.87634
0x44ce,839.643
0x4556,947.1189
0x13ff,702.0883
0x27d8,860.0857
0x1530,697.94434
0x51bd,821.0636
0x1f4f,607.1749
0x3dbd,665.3328
0x926,621.9049
0x2e11,711.095
0x2203,1041.3823
0x4270,837.85516
0x46a,755.3446
0x29cb,572.3391
0x34b0,582.16144
0x35b6,809.5093
0x154e,863.55945
0x7ed,722.90533
0x4590,1070.3787
0xe7c,755.35913
0x243b,1055.9377
0x2040,659.4529
0x2391,815.3728
0x85a,716.891
0x4e3e,775.0681
0x32c1,690.6019
0x175b,792.5812
0x1ec1,895.0185
0x21b1,731.9669
0xe8b,691.9336
0x329a,850.39465
0x345d,597.6952
0x300d,805.07135
0x2b49,805.7826
0xab2,768.80493
0x28c6,840.4902
0x2a5c,753.5398
0x4229,898.1487
0x30c0,873.34546
0x303a,968.55536
0x3e10,707.06836
0x2b05,891.70764
0x33e7,734.72485
0x33f7,867.3124
0x2787,852.82806
0x50d3,803.5966
0x4fcd,778.5485
0x620,656.8606
0x3bb8,763.39124
0x4946,933.139
0xfbc,785.1601
0x3c2c,867.4403
0x8df,493.78897
0x57a,626.94147
0x31b8,775.5559
0x2c0f,441.71875
0x1f6f,548.2629
0x5108,920.977
0x2b7a,708.4242
0x1272,1002.218
0x4f90,653.838
0x3d75,818.2944
0x3d8d,641.54816
0x2726,619.5652
0x516e,846.6931
0x73e,560.0048
0x32ee,878.9738
0x1463,718.1314
0x2f4a,944.0116
0x37ea,608.5992
0x3b69,817.08484
0x91d,583.7359
0x37fe,878.83954
0x2911,705.5477
0x2db8,464.32288
0x210f,747.7212
0x1971,604.16547
0x22c0,723.99316
0x1572,1240.5853
0x80b,815.4358
0x999,1201.0552
0xe6e,479.0378
0x1c6e,584.93634
0x2d3d,978.1159
0xb9c,435.08795
0x3be8,669.1874
0x35ea,996.60815
0x11db,878.7902
0x19b6,828.8314
0x2199,524.9208
0x2470,499.34628
0x1770,746.39984
0x13ac,876.7819
0xd3d,787.88
0x233c,780.17847
0x1369,1052.3651
0x3299,968.43066
0x4cc9,544.8601
0x4dfe,1121.384
0x1231,926.69934
0x3bb4,889.5474
0x4676,540.9551
0x2d78,796.5509
0x15b6,829.7914
0x1d1a,516.8696
0x1714,960.55164
0x3c85,928.5153
0x14a2,888.11975
0x2d83,481.58765
0x21f5,736.3809
0x374b,582.50977
0x1cd6,717.5952
0x2b7d,1196.2502
0x5174,1116.1255
0x2da7,480.76065
0x38b6,794.46173
0x4609,820.2477
0x4c66,868.83386
0x3187,651.0081
0x4b5f,860.2849
0x335b,971.5704
0x24e8,886.8551
0x2205,736.3232
0x4ab8,689.2074
0x4066,805.3206
0x67d,965.00635
0x3223,884.3367
0x364e,674.8368
0x2eb9,772.2106
0x494f,799.229
0x3f9f,678.1705
0x1ccc,977.3145
0x34a6,890.6177
0x1b15,755.914
0x1a16,713.7772
0x5e9,707.81335
0x2077,876.89185
0x27be,691.97485
0xa01,958.6113
0x4497,736.35376
0x2713,622.88306
0x88d,564.4523
0x834,577.252
0x116e,527.7985
0x2166,1228.4647
0x292f,749.6804
0x4010,687.1145
0x4bba,980.0595
0x1df4,736.42456
0x43d0,738.0332
0x94a,743.97473
0x43ce,894.9112
0x3fa8,345.91925
0x3af6,651.034
0x2cb2,660.8378
0x4947,624.0693
0x141d,534.4005
0x40db,846.6699
0x367e,685.3398
0x7d4,548.43225
0x3257,947.74493
0x1680,1026.9653
0x1299,1022.1551
0x4560,790.21454
0x1df6,446.6571
0x2bd0,909.79364
0x504b,807.3957
0x238e,748.0611
0x34d1,934.06866
0x1ca3,722.18146
0x1627,911.7631
0x420e,809.9271
0x33e8,908.44336
0x45aa,782.6627
0x4ee0,904.7707
0x1a17,934.6564
0x3510,1027.8782
0x24b4,774.2739
0x1feb,942.3446
0x1661,469.16766
0x51b6,858.6346
0xfa5,678.20776
0xb5f,730.61694
0x196d,916.55365
0x1b0a,1010.0216
0x2294,941.59467
0x9d8,715.5757
0x49a6,629.8774
0x336f,624.3585
0x40ba,1152.569
0x1a00,553.4778
0x32d3,851.72235
0x71a,571.0314
0x31bf,639.1468
0x3d18,1288.3397
0x386b,636.09766
0x4c8d,573.93634
0x2b53,900.3575
0xcc1,630.1765
0x40b3,563.2804
0x50d7,1052.4839
0x11fc,712.7917
0x38aa,1038.4617
0xb06,914.07855
0x1c58,865.3616
0x3a80,993.9317
0xbbb,474.5805
0x3f97,1072.7844
0xe6d,587.30054
0xac8,631.65717
0xbc6,980.5679
0x4a40,817.8798
0x2a3d,979.54663
0x42cb,690.6276
0x358e,547.5182
0x2a49,712.69464
0x399d,768.3163
0x77a,994.77625
0x1b43,754.748
0x33e4,952.16345
0x4589,890.6936
0xb71,572.56067
0x20b0,843.5488
0x2837,746.95404
0x143d,948.8776
0x7a7,610.35406
0x1ac5,697.9729
0x3127,487.9629
0x44fd,985.97705
0x3395,774.8032
0x4f65,870.8369
0x2113,551.1606
0x14cc,813.84357
0x1997,579.6399
0x2029,857.1309
0x1590,834.39294
0x4edf,567.59344
0x47a6,559.7109
0x4f5d,736.56165
0x457,871.7898
0x4485,1063.6263
0x96b,1224.7567
0xf6f,1015.7219
0x3e96,565.3452
0x2618,579.7346
0x1706,924.586
0x21a5,915.61584
0x3bcf,505.75476
0x1dec,669.2942
0x1f3d,951.69775
0x12fd,635.0909
0x4c60,843.4741
0x2f8a,787.3296
0x2157,625.90753
0x4690,502.85757
0x4055,777.4744
0x511a,919.3982
0x376c,583.866
0x527,807.65155
0x2667,547.9601
0xf0d,1040.4641
0x3417,479.61783
0x3ce5,625.5935
0x50f2,781.84393
0x3cf0,734.9114
0xdac,742.7368
0x119e,427.11417
0x2773,787.2006
0xb53,804.67236
0x9c0,730.1049
0x3189,538.58795
0x745,854.6308
0xc46,657.39246
0x2527,695.6419
0x1249,775.30634
0x3930,689.8654
0xebd,612.7187
0x60f,654.1783
0x35b1,608.2179
0x3564,697.4192
0x284c,567.1819
0x3483,704.1769
0x7f6,499.25568
0x3dc0,875.4071
0x4c28,469.59885
0xd71,662.63336
0x18dc,815.0057
0x2623,621.36615
0x40ae,798.978
0x246e,962.4008
0x32d8,946.01886
0x313b,656.2664
0x386a,680.571
0x224f,852.6786
0x3d0f,551.75214
0x3d78,830.0665
0x2c76,546.2385
0x5110,652.4981
0xd04,1032.6113
0x37d9,870.34534
0x1071,1002.8073
0x2089,1066.4966
0x3281,612.2922
0x1f5c,453.8693
0x4793,548.73566
0x4d33,811.841
0x2f34,1229.2244
0x3c55,621.87695
0x3cf9,871.87177
0x1360,647.76776
0x13a0,577.787
0xc42,776.85266
0x3169,689.31995
0x4efd,1095.5127
0x50cc,998.28577
0x1db7,718.9378
0x48e5,665.7601
0x3088,714.41327
0x4a1e,697.01105
0x278f,651.9656
0x3401,654.8075
0x48d8,862.1534
0x117a,840.908
0x3561,907.8404
0x93d,565.0588
0x2faf,635.46643
0xfd2,747.3454
0x413e,886.90186
0x2493,898.8127
0x4bc8,770.95197
0x2d12,629.68054
0x282b,793.8578
0x43a9,679.07385
0x84b,790.6152
0x47fc,771.62103
0x259f,804.77893
0x39e9,948.9344
0x3e42,775.70026
0x421,692.70264
0x1777,837.50037
0x145d,786.0746
0x3085,811.8812
0x44e0,635.494
0x4c1f,640.55536
0x110a,826.77905
0x2843,641.79736
0x3d5b,933.1294
0x4bec,675.22516
0x2d5e,546.18286
0x384d,672.99786
0xbe4,567.49255
0x2707,965.6468
0x17db,714.0896
0x4c23,857.8664
0x4e74,759.20215
0x1cb0,646.3524
0x38a2,1066.6685
0x319e,820.801
0x1f29,549.97144
0x3d40,1010.28186
0x4985,902.50867
0x3caa,971.9678
0x4072,487.554
0x1340,534.73315
0x14ad,719.2276
0x3cac,678.86017
0x435f,609.853
0x10c8,748.9663
0x1c33,682.6069
0x1d64,889.92346
0x18b3,734.35315
0x1859,1054.5537
0x4661,856.8712
0x4498,737.8843
0x4e9d,1114.4048
0x2a41,977.5003
0x38b7,855.5323
0x1694,439.71527
0x410c,770.4234
0x2b72,906.41705
0xf95,891.8275
0x28b1,754.4091
0x157b,802.2811
0x2d73,567.7459
0x5088,1064.298
0x3070,956.74164
0x299e,998.0227
0x249d,1005.5447
0x5085,1097.0137
0x133f,619.588
0x4cb3,453.70294
0xc30,767.1432
0x230a,745.1433
0x2f8b,489.07172
0x3fe9,617.8297
0x1856,710.3262
0x1cb3,769.8034
0x39b1,665.41956
0x28ab,801.64386
0x3004,617.3347
0x3c44,610.6965
0x2bd7,927.6511
0x4227,833.99365
0x11c5,898.5503
0x2276,613.6768
0x1166,667.39453
0x3d3a,598.0847
0x35ef,753.9835
0x2098,717.6314
0x3c04,967.4729
0x4d03,805.376
0xb39,885.36633
0x51be,925.48047
0x465,734.7343
0x2f28,615.63226
0x3117,847.1383
0x4dd1,921.5565
0x454f,753.5529
0x3c4d,758.2643
0x447e,498.38516
0x4a08,598.2916
0x1cd2,966.86786
0x5a8,709.09717
0x3933,675.5023
0x3fd9,939.4251
0x4b5,712.13983
0x1b2d,495.7838
0x149f,858.1981
0x2834,656.00867
0x689,683.58044
0x1a02,986.86346
0x4586,902.9654
0x690,763.496
0x3e75,778.68207
0x1a10,666.55835
0x1207,850.2413
0x1f2d,512.8977
0x493b,1007.31024
0x13b4,1256.3243
0x1259,656.2796
0x310d,689.22485
0x42f6,1052.4073
0x1adb,633.52405
0x4bdf,531.9416
0x1b63,649.23035
0x1c4a,1171.8639
0x13bf,606.5007
0x4fc9,538.39185
0x3c02,467.76303
0x72e,719.0573
0x441,764.2584
0x156b,721.1273
0x2b1e,701.8396
0x50be,838.54895
0x20d5,828.47205
0x25f2,1119.237
0x3591,728.65497
0x1c5a,884.3341
0x2b96,755.63055
0xac9,909.26324
0x5005,586.8155
0x468c,903.7428
0x2bb7,640.08685
0x350d,828.3404
0x4fad,620.8332
0xe3d,936.4322
0x4a42,860.8333
0x4454,482.61774
0x300a,534.3889
0x2e75,912.91003
0x2048,892.2759
0x1d54,905.03094
0x3b48,570.69104
0x502a,1036.3208
0x1ece,759.1603
0x2fb1,932.1711
0x23fe,542.43585
0x1e2c,849.21643
0x403e,924.62213
0x31c7,632.53284
0x29da,858.54034
0x3ec2,778.0991
0x3050,565.9948
0x2b28,820.1801
0x269e,534.803
0x4858,642.9804
0x556,740.15796
0x3cf6,710.94
0x1503,494.57062
0x3246,697.91486
0x4f7,1019.4843
0x2619,927.70844
0x2a1c,991.934
0x1f26,906.29407
0x1196,987.479
0x2950,852.74976
0x4612,921.29846
0x212e,569.2568
0x265f,775.6468
0x3a0e,464.1544
0x49b6,1047.6328
0xea9,839.19617
0x22ed,426.34692
0x997,674.347
0x15b9,847.10345
0x4c4b,369.58057
0x4ff,677.9914
0x2624,830.455
0x289c,793.7112
0x2b24,736.7313
0x10fa,921.26697
0x254b,1179.1302
0x22ad,689.4487
0x4e40,700.1163
0x4790,878.67444
0xf10,740.4859
0x3ced,1101.285
0x4bc1,823.08
0x366f,858.915
0x4540,1044.6799
0x395e,514.0758
0x7f4,581.5681
0x2562,492.81458
0x47fd,637.07947
0x243c,984.49097
0x16a8,710.3409
0x3d16,920.6635
0x376d,920.2808
0xc93,558.2054
0x2153,712.3475
0x228e,897.7723
0x89b,584.0539
0x3bf9,863.1953
0x5024,785.7009
0x4323,1124.5323
0x130b,554.7859
0x3010,623.9946
0x30e2,710.38354
0x3944,1105.3779
0x3a63,888.4553
0x43c,594.5456
0x2f0b,914.08936
0x2d56,900.14136
0x1a89,1107.8854
0x3ba1,666.577
0x8ba,558.5954
0x874,815.2902
0x4c79,643.4322
0x30a0,827.77496
0xfbf,869.8053
0x315e,1133.8611
0x2c15,1037.7606
0x20ae,1193.945
0x4048,990.44666
0x2a28,886.88196
0x18c8,879.0412
0x3957,475.7438
0x1498,592.2556
0x5139,962.8343
0x1300,1110.0653
0x572,818.3563
0xd0f,659.37146
0xad6,830.9002
0x3ca7,770.44965
0xdb3,753.47565
0x1718,675.9742
0x1eb3,1274.9523
0x50a5,1173.912
0x326e,460.01898
0x5121,695.397
0x525,827.4022
0x51c1,779.2243
0x1f43,946.64215
0x4d1e,846.9644
0x3732,1209.7847
0x478d,620.48663
0x2c29,737.8485
0x324d,926.46356
0x3a1d,463.08414
0x1fed,773.8571
0x18f8,843.2441
0x3260,741.4158
0x3cf8,881.7373
0x2dbb,1006.03357
0x1bd9,656.6667
0x237d,644.31323
0x4491,1052.9565
0x4539,788.4743
0x38e4,937.58496
0x3da3,859.76874
0x3e93,748.4075
0x4405,783.87964
0x4eeb,534.88293
0x3c65,617.0012
0x3f65,815.792
0xb7c,913.95715
0x1ec8,491.62906
0x17cf,939.73804
0x254d,504.22256
0x3083,895.1208
0x17eb,845.54456
0x35fe,533.1631
0x3f7f,811.6445
0x4cba,797.96436
0x21f4,698.558
0x2d86,1142.3192
0x26ee,869.3561
0x31c9,964.46027
0x2d95,622.8625
0x1822,1027.231
0x5175,675.21454
0x1f37,850.97833
0x31b1,563.24677
0x4731,433.67368
0x5af,1108.8296
0x2d38,541.8418
0x2a13,712.0918
0x3af2,750.8917
0xd46,719.05096
0x4652,1118.273
0x419d,931.7356
0x241d,476.7302
0x2823,751.8376
0x35bd,640.843
0x3a1f,622.8915
0x4a02,749.9154
0x4fe3,526.5928
0x41e0,844.65063
0x3dac,501.73795
0x449b,982.22217
0x4e43,550.3826
0x47dd,811.2586
0x1ea9,618.2966
0x1db6,865.9534
0x44b7,725.3556
0x3db7,523.0452
0x334e,907.22595
0x4695,790.131
0x475,635.0353
0x128c,516.2367
0x4d9d,656.3372
0x473b,1117.6694
0x1828,618.223
0x4c52,847.48364
0x4019,602.109
0x2acc,717.80725
0x3ce3,764.6501
0x1951,683.7291
0x47c3,707.5023
0x1dda,861.60516
0x37cc,731.7051
0x1605,551.1535
0x33f9,619.0514
0xcc3,835.8832
0x1dde,938.16565
0x2c3b,1105.1609
0x4b6,1026.039
0x4d5a,810.61316
0x2e01,969.422
